"Player","Pos","Team","Finish","Total","PPG","PosADP","RoundDrafted","team_logo_espn","team_color","team_name","bye_week","jersey_number","MissedGames"
"Arizona Cardinals","DST","ARI","DST30",65,4.1,"DST29",25,"https://a.espncdn.com/i/teamlogos/nfl/500/ari.png","#97233F","Arizona Cardinals",14,NA,0
"Matt Prater","K","ARI","K22",122,7.6,"K24",25,"https://a.espncdn.com/i/teamlogos/nfl/500/ari.png","#97233F","Arizona Cardinals",14,5,0
"Kyler Murray","QB","ARI","QB26",133.6,19.1,"QB26",17,"https://a.espncdn.com/i/teamlogos/nfl/500/ari.png","#97233F","Arizona Cardinals",14,1,9
"Clayton Tune","QB","ARI","QB61",9.4,1.6,NA,25,"https://a.espncdn.com/i/teamlogos/nfl/500/ari.png","#97233F","Arizona Cardinals",14,15,10
"James Conner","RB","ARI","RB28",171.1,14.3,"RB25",6,"https://a.espncdn.com/i/teamlogos/nfl/500/ari.png","#97233F","Arizona Cardinals",14,6,4
"Emari Demercado","RB","ARI","RB56",73.3,6.1,NA,25,"https://a.espncdn.com/i/teamlogos/nfl/500/ari.png","#97233F","Arizona Cardinals",14,31,4
"Michael Carter","RB","ARI","RB61",55.9,4,"RB75",23,"https://a.espncdn.com/i/teamlogos/nfl/500/ari.png","#97233F","Arizona Cardinals",14,22,2
"Tony Jones Jr.","RB","ARI","RB80",32.2,5.4,NA,25,"https://a.espncdn.com/i/teamlogos/nfl/500/ari.png","#97233F","Arizona Cardinals",14,37,10
"Damien Williams","RB","DAL","RB116",7.5,2.5,"RB124",25,"https://a.espncdn.com/i/teamlogos/nfl/500/dal.png","#002244","Dallas Cowboys",14,29,13
"Trey McBride","TE","ARI","TE8",169.1,10.6,"TE39",21,"https://a.espncdn.com/i/teamlogos/nfl/500/ari.png","#97233F","Arizona Cardinals",14,85,0
"Zach Ertz","TE","DET","TE41",51.7,7.4,"TE21",18,"https://a.espncdn.com/i/teamlogos/nfl/500/det.png","#0076B6","Detroit Lions",14,86,9
"Elijah Higgins","TE","ARI","TE60",31.1,3.1,"TE77",25,"https://a.espncdn.com/i/teamlogos/nfl/500/ari.png","#97233F","Arizona Cardinals",14,84,6
"Geoff Swaim","TE","ARI","TE76",19.4,1.6,NA,25,"https://a.espncdn.com/i/teamlogos/nfl/500/ari.png","#97233F","Arizona Cardinals",14,87,4
"Marquise Brown","WR","ARI","WR49",134.7,9.6,"WR35",7,"https://a.espncdn.com/i/teamlogos/nfl/500/ari.png","#97233F","Arizona Cardinals",14,2,2
"Michael Wilson","WR","ARI","WR65",99,8.3,"WR101",23,"https://a.espncdn.com/i/teamlogos/nfl/500/ari.png","#97233F","Arizona Cardinals",14,14,4
"Rondale Moore","WR","ARI","WR66",97.4,6.1,"WR62",15,"https://a.espncdn.com/i/teamlogos/nfl/500/ari.png","#97233F","Arizona Cardinals",14,4,0
"Greg Dortch","WR","ARI","WR92",61.1,4.1,NA,25,"https://a.espncdn.com/i/teamlogos/nfl/500/ari.png","#97233F","Arizona Cardinals",14,83,1
"Zach Pascal","WR","ARI","WR182",5.9,0.5,NA,25,"https://a.espncdn.com/i/teamlogos/nfl/500/ari.png","#97233F","Arizona Cardinals",14,0,4
"Atlanta Falcons","DST","ATL","DST28",96,6,"DST31",25,"https://a.espncdn.com/i/teamlogos/nfl/500/atl.png","#A71930","Atlanta Falcons",11,NA,0
"Younghoe Koo","K","ATL","K14",133,8.3,"K7",12,"https://a.espncdn.com/i/teamlogos/nfl/500/atl.png","#A71930","Atlanta Falcons",11,6,0
"Desmond Ridder","QB","ATL","QB22",172.5,12.3,"QB32",22,"https://a.espncdn.com/i/teamlogos/nfl/500/atl.png","#A71930","Atlanta Falcons",11,9,2
"Taylor Heinicke","QB","ATL","QB41",70,14,NA,25,"https://a.espncdn.com/i/teamlogos/nfl/500/atl.png","#A71930","Atlanta Falcons",11,4,11
"Bijan Robinson","RB","ATL","RB12",220.2,13.8,"RB4",1,"https://a.espncdn.com/i/teamlogos/nfl/500/atl.png","#A71930","Atlanta Falcons",11,7,0
"Tyler Allgeier","RB","ATL","RB35",131.2,8.2,"RB46",13,"https://a.espncdn.com/i/teamlogos/nfl/500/atl.png","#A71930","Atlanta Falcons",11,25,0
"Cordarrelle Patterson","RB","ATL","RB78",34.9,3.2,"RB58",19,"https://a.espncdn.com/i/teamlogos/nfl/500/atl.png","#A71930","Atlanta Falcons",11,84,5
"Keith Smith","RB","ATL","RB119",6.3,0.5,"RB118",25,"https://a.espncdn.com/i/teamlogos/nfl/500/atl.png","#A71930","Atlanta Falcons",11,40,4
"Kyle Pitts","TE","ATL","TE14",132.6,8.3,"TE6",5,"https://a.espncdn.com/i/teamlogos/nfl/500/atl.png","#A71930","Atlanta Falcons",11,8,0
"Jonnu Smith","TE","ATL","TE19",112.3,7,"TE72",25,"https://a.espncdn.com/i/teamlogos/nfl/500/atl.png","#A71930","Atlanta Falcons",11,81,0
"MyCole Pruitt","TE","ATL","TE71",23.3,1.5,NA,25,"https://a.espncdn.com/i/teamlogos/nfl/500/atl.png","#A71930","Atlanta Falcons",11,85,0
"Tucker Fisk","TE","ATL","TE104",1.9,0.4,NA,25,"https://a.espncdn.com/i/teamlogos/nfl/500/atl.png","#A71930","Atlanta Falcons",11,43,11
"Drake London","WR","ATL","WR36",166.3,11.1,"WR25",5,"https://a.espncdn.com/i/teamlogos/nfl/500/atl.png","#A71930","Atlanta Falcons",11,5,1
"Mack Hollins","WR","ATL","WR113",43.1,3.6,NA,25,"https://a.espncdn.com/i/teamlogos/nfl/500/atl.png","#A71930","Atlanta Falcons",11,18,4
"Van Jefferson","WR","ATL","WR118",38,2.4,"WR77",18,"https://a.espncdn.com/i/teamlogos/nfl/500/atl.png","#A71930","Atlanta Falcons",11,15,0
"KhaDarel Hodge","WR","ATL","WR119",37.2,2.5,NA,25,"https://a.espncdn.com/i/teamlogos/nfl/500/atl.png","#A71930","Atlanta Falcons",11,12,1
"Scott Miller","WR","ATL","WR134",30.5,2.3,"WR147",25,"https://a.espncdn.com/i/teamlogos/nfl/500/atl.png","#A71930","Atlanta Falcons",11,16,3
"Baltimore Ravens","DST","BAL","DST1",166,10.4,"DST7",12,"https://a.espncdn.com/i/teamlogos/nfl/500/bal.png","#241773","Baltimore Ravens",13,NA,0
"Justin Tucker","K","BAL","K2",156,9.8,"K1",8,"https://a.espncdn.com/i/teamlogos/nfl/500/bal.png","#241773","Baltimore Ravens",13,9,0
"Lamar Jackson","QB","BAL","QB3",338.2,21.1,"QB4",3,"https://a.espncdn.com/i/teamlogos/nfl/500/bal.png","#241773","Baltimore Ravens",13,8,0
"Tyler Huntley","QB","BAL","QB60",11.8,2.9,NA,25,"https://a.espncdn.com/i/teamlogos/nfl/500/bal.png","#241773","Baltimore Ravens",13,2,12
"Gus Edwards","RB","BAL","RB22",184.2,11.5,"RB60",20,"https://a.espncdn.com/i/teamlogos/nfl/500/bal.png","#241773","Baltimore Ravens",13,35,0
"Justice Hill","RB","BAL","RB45",103.7,6.9,NA,25,"https://a.espncdn.com/i/teamlogos/nfl/500/bal.png","#241773","Baltimore Ravens",13,43,1
"Keaton Mitchell","RB","BAL","RB57",69.9,10,NA,25,"https://a.espncdn.com/i/teamlogos/nfl/500/bal.png","#241773","Baltimore Ravens",13,34,9
"Melvin Gordon III","RB","BAL","RB90",19.9,6.6,NA,25,"https://a.espncdn.com/i/teamlogos/nfl/500/bal.png","#241773","Baltimore Ravens",13,33,13
"Patrick Ricard","RB","BAL","RB96",16.2,1.2,"RB98",25,"https://a.espncdn.com/i/teamlogos/nfl/500/bal.png","#241773","Baltimore Ravens",13,42,2
"J.K. Dobbins","RB","BAL","RB106",11.7,11.7,"RB20",5,"https://a.espncdn.com/i/teamlogos/nfl/500/bal.png","#241773","Baltimore Ravens",13,27,15
"Jake Funk","RB","IND","RB126",3.2,3.2,"RB121",25,"https://a.espncdn.com/i/teamlogos/nfl/500/ind.png","#002C5F","Indianapolis Colts",13,34,15
"Mark Andrews","TE","BAL","TE11",135.4,13.5,"TE2",3,"https://a.espncdn.com/i/teamlogos/nfl/500/bal.png","#241773","Baltimore Ravens",13,89,6
"Isaiah Likely","TE","BAL","TE26",90,5.6,"TE32",22,"https://a.espncdn.com/i/teamlogos/nfl/500/bal.png","#241773","Baltimore Ravens",13,80,0
"Charlie Kolar","TE","BAL","TE78",16.4,1.4,"TE104",25,"https://a.espncdn.com/i/teamlogos/nfl/500/bal.png","#241773","Baltimore Ravens",13,88,4
"Zay Flowers","WR","BAL","WR25",206.4,12.9,"WR46",9,"https://a.espncdn.com/i/teamlogos/nfl/500/bal.png","#241773","Baltimore Ravens",13,4,0
"Odell Beckham Jr.","WR","BAL","WR60",107.5,7.7,"WR42",10,"https://a.espncdn.com/i/teamlogos/nfl/500/bal.png","#241773","Baltimore Ravens",13,3,2
"Nelson Agholor","WR","BAL","WR77",88.2,5.5,"WR148",25,"https://a.espncdn.com/i/teamlogos/nfl/500/bal.png","#241773","Baltimore Ravens",13,15,0
"Rashod Bateman","WR","BAL","WR84",76.5,5.1,"WR54",12,"https://a.espncdn.com/i/teamlogos/nfl/500/bal.png","#241773","Baltimore Ravens",13,7,1
"Devin Duvernay","WR","BAL","WR178",7.3,0.6,"WR118",25,"https://a.espncdn.com/i/teamlogos/nfl/500/bal.png","#241773","Baltimore Ravens",13,13,3
"Tylan Wallace","WR","BAL","WR181",6,0.9,"WR168",25,"https://a.espncdn.com/i/teamlogos/nfl/500/bal.png","#241773","Baltimore Ravens",13,16,9
"Buffalo Bills","DST","BUF","DST4",147,9.2,"DST3",10,"https://a.espncdn.com/i/teamlogos/nfl/500/buf.png","#00338D","Buffalo Bills",13,NA,0
"Tyler Bass","K","BUF","K16",130,8.1,"K3",11,"https://a.espncdn.com/i/teamlogos/nfl/500/buf.png","#00338D","Buffalo Bills",13,2,0
"Josh Allen","QB","BUF","QB1",385.6,24.1,"QB2",2,"https://a.espncdn.com/i/teamlogos/nfl/500/buf.png","#00338D","Buffalo Bills",13,17,0
"James Cook","RB","BUF","RB11",224.5,14,"RB27",7,"https://a.espncdn.com/i/teamlogos/nfl/500/buf.png","#00338D","Buffalo Bills",13,4,0
"Latavius Murray","RB","BUF","RB53",82.9,5.2,"RB71",25,"https://a.espncdn.com/i/teamlogos/nfl/500/buf.png","#00338D","Buffalo Bills",13,28,0
"Ty Johnson","RB","BUF","RB82",30,3.8,NA,25,"https://a.espncdn.com/i/teamlogos/nfl/500/buf.png","#00338D","Buffalo Bills",13,26,8
"Damien Harris","RB","BUF","RB92",19,2.7,"RB48",13,"https://a.espncdn.com/i/teamlogos/nfl/500/buf.png","#00338D","Buffalo Bills",13,22,9
"Leonard Fournette","RB","BUF","RB137",2,2,"RB59",21,"https://a.espncdn.com/i/teamlogos/nfl/500/buf.png","#00338D","Buffalo Bills",13,5,15
"Reggie Gilliam","RB","BUF","RB140",1.3,0.1,"RB116",25,"https://a.espncdn.com/i/teamlogos/nfl/500/buf.png","#00338D","Buffalo Bills",13,41,3
"Dalton Kincaid","TE","BUF","TE12",134.9,9,"TE12",10,"https://a.espncdn.com/i/teamlogos/nfl/500/buf.png","#00338D","Buffalo Bills",13,86,1
"Dawson Knox","TE","BUF","TE47",44.4,4,"TE20",14,"https://a.espncdn.com/i/teamlogos/nfl/500/buf.png","#00338D","Buffalo Bills",13,88,5
"Quintin Morris","TE","BUF","TE86",10.6,1.2,"TE97",25,"https://a.espncdn.com/i/teamlogos/nfl/500/buf.png","#00338D","Buffalo Bills",13,85,7
"Stefon Diggs","WR","BUF","WR9",258.1,16.1,"WR4",1,"https://a.espncdn.com/i/teamlogos/nfl/500/buf.png","#00338D","Buffalo Bills",13,14,0
"Gabe Davis","WR","BUF","WR40",161.4,10.1,"WR43",9,"https://a.espncdn.com/i/teamlogos/nfl/500/buf.png","#00338D","Buffalo Bills",13,13,0
"Khalil Shakir","WR","BUF","WR67",96.6,6.4,"WR105",24,"https://a.espncdn.com/i/teamlogos/nfl/500/buf.png","#00338D","Buffalo Bills",13,10,1
"Deonte Harty","WR","BUF","WR129",31.8,2.1,NA,25,"https://a.espncdn.com/i/teamlogos/nfl/500/buf.png","#00338D","Buffalo Bills",13,11,1
"Trent Sherfield","WR","BUF","WR164",14.2,1,"WR133",25,"https://a.espncdn.com/i/teamlogos/nfl/500/buf.png","#00338D","Buffalo Bills",13,16,2
"Carolina Panthers","DST","CAR","DST32",64,4,"DST23",25,"https://a.espncdn.com/i/teamlogos/nfl/500-dark/car.png","#0085CA","Carolina Panthers",7,NA,0
"Eddy Pineiro","K","CAR","K26",109,7.3,"K21",25,"https://a.espncdn.com/i/teamlogos/nfl/500-dark/car.png","#0085CA","Carolina Panthers",7,4,1
"Bryce Young","QB","CAR","QB23",162.2,10.8,"QB23",15,"https://a.espncdn.com/i/teamlogos/nfl/500-dark/car.png","#0085CA","Carolina Panthers",7,9,1
"Andy Dalton","QB","CAR","QB52",23.6,11.8,"QB63",25,"https://a.espncdn.com/i/teamlogos/nfl/500-dark/car.png","#0085CA","Carolina Panthers",7,14,14
"Chuba Hubbard","RB","CAR","RB26",171.3,10.7,"RB62",18,"https://a.espncdn.com/i/teamlogos/nfl/500-dark/car.png","#0085CA","Carolina Panthers",7,30,0
"Miles Sanders","RB","CAR","RB51",85.8,5.7,"RB19",5,"https://a.espncdn.com/i/teamlogos/nfl/500-dark/car.png","#0085CA","Carolina Panthers",7,6,1
"Raheem Blackshear","RB","CAR","RB95",16.5,1.8,NA,25,"https://a.espncdn.com/i/teamlogos/nfl/500-dark/car.png","#0085CA","Carolina Panthers",7,3,7
"Tommy Tremble","TE","CAR","TE40",57.3,4.1,"TE103",25,"https://a.espncdn.com/i/teamlogos/nfl/500-dark/car.png","#0085CA","Carolina Panthers",7,82,2
"Hayden Hurst","TE","CAR","TE49",42.4,4.2,"TE28",20,"https://a.espncdn.com/i/teamlogos/nfl/500-dark/car.png","#0085CA","Carolina Panthers",7,81,6
"Stephen Sullivan","TE","CAR","TE68",24.5,2.5,NA,25,"https://a.espncdn.com/i/teamlogos/nfl/500-dark/car.png","#0085CA","Carolina Panthers",7,84,6
"Ian Thomas","TE","CAR","TE88",9.1,0.9,"TE100",25,"https://a.espncdn.com/i/teamlogos/nfl/500-dark/car.png","#0085CA","Carolina Panthers",7,80,6
"Giovanni Ricci","TE","CAR","TE109",1.2,0.2,NA,25,"https://a.espncdn.com/i/teamlogos/nfl/500-dark/car.png","#0085CA","Carolina Panthers",7,45,11
"Adam Thielen","WR","CAR","WR15",227.8,14.2,"WR50",11,"https://a.espncdn.com/i/teamlogos/nfl/500-dark/car.png","#0085CA","Carolina Panthers",7,19,0
"DJ Chark Jr.","WR","CAR","WR58",110.9,7.9,"WR66",17,"https://a.espncdn.com/i/teamlogos/nfl/500-dark/car.png","#0085CA","Carolina Panthers",7,17,2
"Jonathan Mingo","WR","CAR","WR81",84.8,5.7,"WR64",15,"https://a.espncdn.com/i/teamlogos/nfl/500-dark/car.png","#0085CA","Carolina Panthers",7,15,1
"Terrace Marshall Jr.","WR","CAR","WR130",31.4,4.5,"WR111",25,"https://a.espncdn.com/i/teamlogos/nfl/500-dark/car.png","#0085CA","Carolina Panthers",7,88,9
"Ihmir Smith-Marsette","WR","CAR","WR132",30.9,1.9,NA,25,"https://a.espncdn.com/i/teamlogos/nfl/500-dark/car.png","#0085CA","Carolina Panthers",7,11,0
"Laviska Shenault Jr.","WR","CAR","WR149",21.5,2.7,NA,25,"https://a.espncdn.com/i/teamlogos/nfl/500-dark/car.png","#0085CA","Carolina Panthers",7,5,8
"Mike Strachan","WR","CAR","WR185",5.5,1.4,NA,25,"https://a.espncdn.com/i/teamlogos/nfl/500-dark/car.png","#0085CA","Carolina Panthers",7,86,12
"Chicago Bears","DST","CHI","DST16",116,7.3,"DST26",25,"https://a.espncdn.com/i/teamlogos/nfl/500/chi.png","#0B162A","Chicago Bears",13,NA,0
"Cairo Santos","K","CHI","K6",147,9.2,"K27",25,"https://a.espncdn.com/i/teamlogos/nfl/500/chi.png","#0B162A","Chicago Bears",13,8,0
"Justin Fields","QB","CHI","QB17",230.6,19.2,"QB7",4,"https://a.espncdn.com/i/teamlogos/nfl/500/chi.png","#0B162A","Chicago Bears",13,1,4
"Tyson Bagent","QB","CHI","QB43",59.3,11.9,"QB60",25,"https://a.espncdn.com/i/teamlogos/nfl/500/chi.png","#0B162A","Chicago Bears",13,17,11
"Khalil Herbert","RB","CHI","RB43",106.4,9.7,"RB33",9,"https://a.espncdn.com/i/teamlogos/nfl/500/chi.png","#0B162A","Chicago Bears",13,24,5
"Roschon Johnson","RB","CHI","RB46",100.1,7.2,"RB52",17,"https://a.espncdn.com/i/teamlogos/nfl/500/chi.png","#0B162A","Chicago Bears",13,23,2
"D'Onta Foreman","RB","CHI","RB48",91.2,10.1,"RB53",15,"https://a.espncdn.com/i/teamlogos/nfl/500/chi.png","#0B162A","Chicago Bears",13,21,7
"Khari Blasingame","RB","CHI","RB120",5.8,0.5,NA,25,"https://a.espncdn.com/i/teamlogos/nfl/500/chi.png","#0B162A","Chicago Bears",13,35,4
"Cole Kmet","TE","CHI","TE7",174,11.6,"TE13",10,"https://a.espncdn.com/i/teamlogos/nfl/500/chi.png","#0B162A","Chicago Bears",13,85,1
"Robert Tonyan","TE","CHI","TE74",22.2,1.5,"TE43",25,"https://a.espncdn.com/i/teamlogos/nfl/500/chi.png","#0B162A","Chicago Bears",13,18,1
"Marcedes Lewis","TE","CHI","TE83",12.9,1.1,"TE101",25,"https://a.espncdn.com/i/teamlogos/nfl/500/chi.png","#0B162A","Chicago Bears",13,84,4
"DJ Moore","WR","CHI","WR8",276.1,17.3,"WR20",5,"https://a.espncdn.com/i/teamlogos/nfl/500/chi.png","#0B162A","Chicago Bears",13,2,0
"Darnell Mooney","WR","CHI","WR83",78.9,5.6,"WR59",13,"https://a.espncdn.com/i/teamlogos/nfl/500/chi.png","#0B162A","Chicago Bears",13,11,2
"Tyler Scott","WR","CHI","WR126",33.7,2.2,"WR156",25,"https://a.espncdn.com/i/teamlogos/nfl/500/chi.png","#0B162A","Chicago Bears",13,13,1
"Velus Jones Jr.","WR","CHI","WR171",11.1,0.9,"WR165",25,"https://a.espncdn.com/i/teamlogos/nfl/500/chi.png","#0B162A","Chicago Bears",13,12,3
"Equanimeous St. Brown","WR","CHI","WR174",8.4,1.7,"WR109",25,"https://a.espncdn.com/i/teamlogos/nfl/500/chi.png","#0B162A","Chicago Bears",13,19,11
"Collin Johnson","WR","CHI","WR194",2.1,1.1,NA,25,"https://a.espncdn.com/i/teamlogos/nfl/500/chi.png","#0B162A","Chicago Bears",13,80,14
"Cincinnati Bengals","DST","CIN","DST20",110,6.9,"DST13",17,"https://a.espncdn.com/i/teamlogos/nfl/500/cin.png","#FB4F14","Cincinnati Bengals",7,NA,0
"Evan McPherson","K","CIN","K15",132,8.3,"K4",10,"https://a.espncdn.com/i/teamlogos/nfl/500/cin.png","#FB4F14","Cincinnati Bengals",7,2,0
"Joe Burrow","QB","CIN","QB25",153.2,15.3,"QB5",3,"https://a.espncdn.com/i/teamlogos/nfl/500/cin.png","#FB4F14","Cincinnati Bengals",7,9,6
"Jake Browning","QB","CIN","QB27",132.4,16.6,"QB45",25,"https://a.espncdn.com/i/teamlogos/nfl/500/cin.png","#FB4F14","Cincinnati Bengals",7,6,8
"Joe Mixon","RB","CIN","RB7",242.3,15.1,"RB12",3,"https://a.espncdn.com/i/teamlogos/nfl/500/cin.png","#FB4F14","Cincinnati Bengals",7,28,0
"Chase Brown","RB","CIN","RB63",47.2,4.3,"RB68",18,"https://a.espncdn.com/i/teamlogos/nfl/500/cin.png","#FB4F14","Cincinnati Bengals",7,30,5
"Trayveon Williams","RB","CIN","RB99",15.1,0.9,NA,25,"https://a.espncdn.com/i/teamlogos/nfl/500/cin.png","#FB4F14","Cincinnati Bengals",7,32,0
"Chris Evans","RB","CIN","RB136",2.1,0.3,NA,25,"https://a.espncdn.com/i/teamlogos/nfl/500/cin.png","#FB4F14","Cincinnati Bengals",7,25,9
"Tanner Hudson","TE","CIN","TE27",77.1,7,NA,25,"https://a.espncdn.com/i/teamlogos/nfl/500/cin.png","#FB4F14","Cincinnati Bengals",7,87,5
"Drew Sample","TE","CIN","TE45",47.6,3,"TE73",25,"https://a.espncdn.com/i/teamlogos/nfl/500/cin.png","#FB4F14","Cincinnati Bengals",7,89,0
"Irv Smith Jr.","TE","CIN","TE58",33.5,2.8,"TE30",19,"https://a.espncdn.com/i/teamlogos/nfl/500/cin.png","#FB4F14","Cincinnati Bengals",7,81,4
"Mitchell Wilcox","TE","CIN","TE79",14.6,1,"TE84",25,"https://a.espncdn.com/i/teamlogos/nfl/500/cin.png","#FB4F14","Cincinnati Bengals",7,84,1
"Ja'Marr Chase","WR","CIN","WR10",256.8,17.1,"WR2",1,"https://a.espncdn.com/i/teamlogos/nfl/500/cin.png","#FB4F14","Cincinnati Bengals",7,1,1
"Tyler Boyd","WR","CIN","WR46",144.4,9,"WR56",13,"https://a.espncdn.com/i/teamlogos/nfl/500/cin.png","#FB4F14","Cincinnati Bengals",7,83,0
"Tee Higgins","WR","CIN","WR48",137.6,11.5,"WR14",3,"https://a.espncdn.com/i/teamlogos/nfl/500/cin.png","#FB4F14","Cincinnati Bengals",7,5,4
"Trenton Irwin","WR","CIN","WR100",57.2,4.1,"WR112",25,"https://a.espncdn.com/i/teamlogos/nfl/500/cin.png","#FB4F14","Cincinnati Bengals",7,16,2
"Andrei Iosivas","WR","CIN","WR136",30,2.5,"WR127",25,"https://a.espncdn.com/i/teamlogos/nfl/500/cin.png","#FB4F14","Cincinnati Bengals",7,80,4
"Charlie Jones","WR","CIN","WR169",11.5,1.2,"WR119",25,"https://a.espncdn.com/i/teamlogos/nfl/500/cin.png","#FB4F14","Cincinnati Bengals",7,15,6
"Kwamie Lassiter II","WR","CIN","WR200",1.2,1.2,NA,25,"https://a.espncdn.com/i/teamlogos/nfl/500/cin.png","#FB4F14","Cincinnati Bengals",7,18,15
"Cleveland Browns","DST","CLE","DST3",149,9.3,"DST17",19,"https://a.espncdn.com/i/teamlogos/nfl/500/cle.png","#FF3C00","Cleveland Browns",5,NA,0
"Dustin Hopkins","K","CLE","K5",149,9.9,"K41",25,"https://a.espncdn.com/i/teamlogos/nfl/500/cle.png","#FF3C00","Cleveland Browns",5,7,1
"Riley Patterson","K","CLE","K29",91,6.5,"K19",25,"https://a.espncdn.com/i/teamlogos/nfl/500/cle.png","#FF3C00","Cleveland Browns",5,36,2
"Joe Flacco","QB","CLE","QB32",108.8,21.8,"QB66",25,"https://a.espncdn.com/i/teamlogos/nfl/500/cle.png","#FF3C00","Cleveland Browns",5,12,11
"Deshaun Watson","QB","CLE","QB35",90.8,15.1,"QB9",8,"https://a.espncdn.com/i/teamlogos/nfl/500/cle.png","#FF3C00","Cleveland Browns",5,4,10
"Dorian Thompson-Robinson","QB","CLE","QB50",26.1,3.7,"QB62",25,"https://a.espncdn.com/i/teamlogos/nfl/500/cle.png","#FF3C00","Cleveland Browns",5,17,9
"P.J. Walker","QB","CLE","QB51",25,4.2,NA,25,"https://a.espncdn.com/i/teamlogos/nfl/500/cle.png","#FF3C00","Cleveland Browns",5,10,10
"Jerome Ford","RB","CLE","RB14",206,12.9,"RB69",20,"https://a.espncdn.com/i/teamlogos/nfl/500/cle.png","#FF3C00","Cleveland Browns",5,34,0
"Kareem Hunt","RB","CLE","RB40",117,8.4,"RB56",16,"https://a.espncdn.com/i/teamlogos/nfl/500/cle.png","#FF3C00","Cleveland Browns",5,27,2
"Pierre Strong Jr.","RB","CLE","RB76",36.3,2.3,"RB91",25,"https://a.espncdn.com/i/teamlogos/nfl/500/cle.png","#FF3C00","Cleveland Browns",5,20,0
"Nick Chubb","RB","CLE","RB87",23.1,11.6,"RB5",1,"https://a.espncdn.com/i/teamlogos/nfl/500/cle.png","#FF3C00","Cleveland Browns",5,24,14
"David Njoku","TE","CLE","TE6",201.2,12.6,"TE9",8,"https://a.espncdn.com/i/teamlogos/nfl/500/cle.png","#FF3C00","Cleveland Browns",5,85,0
"Harrison Bryant","TE","CLE","TE52",37.9,2.4,"TE78",25,"https://a.espncdn.com/i/teamlogos/nfl/500/cle.png","#FF3C00","Cleveland Browns",5,88,0
"Jordan Akins","TE","CLE","TE73",22.8,1.5,"TE91",25,"https://a.espncdn.com/i/teamlogos/nfl/500/cle.png","#FF3C00","Cleveland Browns",5,84,1
"Amari Cooper","WR","CLE","WR17",227,15.1,"WR18",4,"https://a.espncdn.com/i/teamlogos/nfl/500/cle.png","#FF3C00","Cleveland Browns",5,2,1
"Elijah Moore","WR","CLE","WR52",132.1,8.3,"WR53",11,"https://a.espncdn.com/i/teamlogos/nfl/500/cle.png","#FF3C00","Cleveland Browns",5,8,0
"Cedric Tillman","WR","CLE","WR121",36.9,3.4,"WR175",25,"https://a.espncdn.com/i/teamlogos/nfl/500/cle.png","#FF3C00","Cleveland Browns",5,19,5
"David Bell","WR","CLE","WR141",25.9,2.2,"WR161",25,"https://a.espncdn.com/i/teamlogos/nfl/500/cle.png","#FF3C00","Cleveland Browns",5,18,4
"Marquise Goodwin","WR","CLE","WR165",14,1.3,"WR120",25,"https://a.espncdn.com/i/teamlogos/nfl/500/cle.png","#FF3C00","Cleveland Browns",5,3,5
"Dallas Cowboys","DST","DAL","DST2",162,10.1,"DST4",9,"https://a.espncdn.com/i/teamlogos/nfl/500/dal.png","#002244","Dallas Cowboys",7,NA,0
"Brandon Aubrey","K","DAL","K1",171,10.7,"K25",25,"https://a.espncdn.com/i/teamlogos/nfl/500/dal.png","#002244","Dallas Cowboys",7,17,0
"Dak Prescott","QB","DAL","QB4",325.7,20.4,"QB10",8,"https://a.espncdn.com/i/teamlogos/nfl/500/dal.png","#002244","Dallas Cowboys",7,4,0
"Cooper Rush","QB","DAL","QB66",3.1,0.4,"QB46",25,"https://a.espncdn.com/i/teamlogos/nfl/500/dal.png","#002244","Dallas Cowboys",7,10,9
"Tony Pollard","RB","DAL","RB14",206,12.9,"RB6",2,"https://a.espncdn.com/i/teamlogos/nfl/500/dal.png","#002244","Dallas Cowboys",7,20,0
"Rico Dowdle","RB","DAL","RB55",78.5,5.2,"RB87",25,"https://a.espncdn.com/i/teamlogos/nfl/500/dal.png","#002244","Dallas Cowboys",7,23,1
"Deuce Vaughn","RB","DAL","RB100",15,2.1,"RB50",14,"https://a.espncdn.com/i/teamlogos/nfl/500/dal.png","#002244","Dallas Cowboys",7,42,9
"Hunter Luepke","RB","DAL","RB105",12.7,0.9,"RB105",25,"https://a.espncdn.com/i/teamlogos/nfl/500/dal.png","#002244","Dallas Cowboys",7,40,2
"Jake Ferguson","TE","DAL","TE9",164.2,10.3,"TE24",17,"https://a.espncdn.com/i/teamlogos/nfl/500/dal.png","#002244","Dallas Cowboys",7,87,0
"Luke Schoonmaker","TE","DAL","TE67",26.5,1.9,"TE38",25,"https://a.espncdn.com/i/teamlogos/nfl/500/dal.png","#002244","Dallas Cowboys",7,86,2
"Peyton Hendershot","TE","DAL","TE97",4.4,0.6,"TE60",25,"https://a.espncdn.com/i/teamlogos/nfl/500/dal.png","#002244","Dallas Cowboys",7,89,9
"CeeDee Lamb","WR","DAL","WR1",367.7,23,"WR6",1,"https://a.espncdn.com/i/teamlogos/nfl/500/dal.png","#002244","Dallas Cowboys",7,88,0
"Brandin Cooks","WR","DAL","WR41",157,10.5,"WR38",9,"https://a.espncdn.com/i/teamlogos/nfl/500/dal.png","#002244","Dallas Cowboys",7,3,1
"Michael Gallup","WR","DAL","WR78",87.8,5.5,"WR63",16,"https://a.espncdn.com/i/teamlogos/nfl/500/dal.png","#002244","Dallas Cowboys",7,13,0
"KaVontae Turpin","WR","DAL","WR96",59.2,3.9,"WR113",25,"https://a.espncdn.com/i/teamlogos/nfl/500/dal.png","#002244","Dallas Cowboys",7,9,1
"Jalen Tolbert","WR","DAL","WR110",50,3.3,"WR126",25,"https://a.espncdn.com/i/teamlogos/nfl/500/dal.png","#002244","Dallas Cowboys",7,18,1
"Jalen Brooks","WR","DAL","WR170",11.3,2.8,"WR143",25,"https://a.espncdn.com/i/teamlogos/nfl/500/dal.png","#002244","Dallas Cowboys",7,83,12
"Denver Broncos","DST","DEN","DST18",115,7.2,"DST16",17,"https://a.espncdn.com/i/teamlogos/nfl/500/den.png","#002244","Denver Broncos",9,NA,0
"Wil Lutz","K","DEN","K20",127,7.9,"K17",25,"https://a.espncdn.com/i/teamlogos/nfl/500/den.png","#002244","Denver Broncos",9,16,0
"Russell Wilson","QB","DEN","QB12",264.9,17.7,"QB18",14,"https://a.espncdn.com/i/teamlogos/nfl/500/den.png","#002244","Denver Broncos",9,3,1
"Jarrett Stidham","QB","DEN","QB58",13.6,6.8,"QB57",25,"https://a.espncdn.com/i/teamlogos/nfl/500/den.png","#002244","Denver Broncos",9,4,14
"Javonte Williams","RB","DEN","RB31",158.7,10.6,"RB29",7,"https://a.espncdn.com/i/teamlogos/nfl/500/den.png","#002244","Denver Broncos",9,33,1
"Samaje Perine","RB","DEN","RB42",115.3,7.2,"RB38",11,"https://a.espncdn.com/i/teamlogos/nfl/500/den.png","#002244","Denver Broncos",9,25,0
"Jaleel McLaughlin","RB","DEN","RB44",105.4,6.6,"RB80",25,"https://a.espncdn.com/i/teamlogos/nfl/500/den.png","#002244","Denver Broncos",9,38,0
"Michael Burton","RB","DEN","RB117",6.7,0.5,"RB107",25,"https://a.espncdn.com/i/teamlogos/nfl/500/den.png","#002244","Denver Broncos",9,20,2
"Adam Trautman","TE","DEN","TE40",57.3,3.6,"TE75",25,"https://a.espncdn.com/i/teamlogos/nfl/500/den.png","#002244","Denver Broncos",9,82,0
"Lucas Krull","TE","DEN","TE70",23.5,3.9,NA,25,"https://a.espncdn.com/i/teamlogos/nfl/500/den.png","#002244","Denver Broncos",9,85,10
"Nate Adkins","TE","DEN","TE92",6.2,0.9,NA,25,"https://a.espncdn.com/i/teamlogos/nfl/500/den.png","#002244","Denver Broncos",9,45,9
"Greg Dulcich","TE","DEN","TE94",5.5,2.8,"TE19",15,"https://a.espncdn.com/i/teamlogos/nfl/500/den.png","#002244","Denver Broncos",9,80,14
"Chris Manhertz","TE","DEN","TE99",3.6,0.3,NA,25,"https://a.espncdn.com/i/teamlogos/nfl/500/den.png","#002244","Denver Broncos",9,84,2
"Courtland Sutton","WR","DEN","WR33",189,12.6,"WR40",10,"https://a.espncdn.com/i/teamlogos/nfl/500/den.png","#002244","Denver Broncos",9,14,1
"Jerry Jeudy","WR","DEN","WR53",124.9,8.3,"WR28",6,"https://a.espncdn.com/i/teamlogos/nfl/500/den.png","#002244","Denver Broncos",9,10,1
"Marvin Mims Jr.","WR","DEN","WR86",68,4.5,"WR69",16,"https://a.espncdn.com/i/teamlogos/nfl/500/den.png","#002244","Denver Broncos",9,19,1
"Brandon Johnson","WR","DEN","WR94",60.6,5.1,"WR146",25,"https://a.espncdn.com/i/teamlogos/nfl/500/den.png","#002244","Denver Broncos",9,89,4
"Lil'Jordan Humphrey","WR","DEN","WR112",47.2,3.1,"WR180",25,"https://a.espncdn.com/i/teamlogos/nfl/500/den.png","#002244","Denver Broncos",9,17,1
"Detroit Lions","DST","DET","DST25",98,6.1,"DST24",25,"https://a.espncdn.com/i/teamlogos/nfl/500/det.png","#0076B6","Detroit Lions",9,NA,0
"Michael Badgley","K","DET","K36",20,6.7,"K23",25,"https://a.espncdn.com/i/teamlogos/nfl/500/det.png","#0076B6","Detroit Lions",9,17,13
"Jared Goff","QB","DET","QB8",282.3,17.6,"QB17",13,"https://a.espncdn.com/i/teamlogos/nfl/500/det.png","#0076B6","Detroit Lions",9,16,0
"Jahmyr Gibbs","RB","DET","RB8",233.1,16.7,"RB13",3,"https://a.espncdn.com/i/teamlogos/nfl/500/det.png","#0076B6","Detroit Lions",9,26,2
"David Montgomery","RB","DET","RB18",197.2,15.2,"RB31",7,"https://a.espncdn.com/i/teamlogos/nfl/500/det.png","#0076B6","Detroit Lions",9,5,3
"Craig Reynolds","RB","DET","RB84",29.6,2.1,NA,25,"https://a.espncdn.com/i/teamlogos/nfl/500/det.png","#0076B6","Detroit Lions",9,13,2
"Zonovan Knight","RB","DET","RB128",3.1,1.6,NA,25,"https://a.espncdn.com/i/teamlogos/nfl/500/det.png","#0076B6","Detroit Lions",9,28,14
"Devine Ozigbo","RB","NO","RB132",2.3,1.2,NA,25,"https://a.espncdn.com/i/teamlogos/nfl/500/no.png","#D3BC8D","New Orleans Saints",9,28,14
"Sam LaPorta","TE","DET","TE1",225.4,14.1,"TE18",13,"https://a.espncdn.com/i/teamlogos/nfl/500/det.png","#0076B6","Detroit Lions",9,87,0
"Brock Wright","TE","DET","TE65",28.1,2.6,"TE71",25,"https://a.espncdn.com/i/teamlogos/nfl/500/det.png","#0076B6","Detroit Lions",9,89,5
"James Mitchell","TE","DET","TE108",1.4,0.1,"TE94",25,"https://a.espncdn.com/i/teamlogos/nfl/500/det.png","#0076B6","Detroit Lions",9,82,6
"Amon-Ra St. Brown","WR","DET","WR3",303.5,20.2,"WR10",2,"https://a.espncdn.com/i/teamlogos/nfl/500/det.png","#0076B6","Detroit Lions",9,14,1
"Josh Reynolds","WR","DET","WR56",119.4,8,NA,25,"https://a.espncdn.com/i/teamlogos/nfl/500/det.png","#0076B6","Detroit Lions",9,8,1
"Kalif Raymond","WR","DET","WR72",90.4,5.7,NA,25,"https://a.espncdn.com/i/teamlogos/nfl/500/det.png","#0076B6","Detroit Lions",9,11,0
"Jameson Williams","WR","DET","WR82",80.3,6.7,"WR55",12,"https://a.espncdn.com/i/teamlogos/nfl/500/det.png","#0076B6","Detroit Lions",9,9,4
"Donovan Peoples-Jones","WR","DET","WR144",24,1.8,"WR70",18,"https://a.espncdn.com/i/teamlogos/nfl/500/det.png","#0076B6","Detroit Lions",9,19,3
"Marvin Jones Jr.","WR","DET","WR180",6.5,1.3,"WR98",25,"https://a.espncdn.com/i/teamlogos/nfl/500/det.png","#0076B6","Detroit Lions",9,0,11
"Antoine Green","WR","DET","WR200",1.2,0.2,"WR150",25,"https://a.espncdn.com/i/teamlogos/nfl/500/det.png","#0076B6","Detroit Lions",9,80,10
"Green Bay Packers","DST","GB","DST22",106,6.6,"DST14",16,"https://a.espncdn.com/i/teamlogos/nfl/500/gb.png","#203731","Green Bay Packers",6,NA,0
"Anders Carlson","K","GB","K23",120,7.5,"K26",25,"https://a.espncdn.com/i/teamlogos/nfl/500/gb.png","#203731","Green Bay Packers",6,17,0
"Jordan Love","QB","GB","QB5",311.5,19.5,"QB24",16,"https://a.espncdn.com/i/teamlogos/nfl/500/gb.png","#203731","Green Bay Packers",6,10,0
"Sean Clifford","QB","GB","QB69",1.3,0.6,"QB54",25,"https://a.espncdn.com/i/teamlogos/nfl/500/gb.png","#203731","Green Bay Packers",6,8,14
"AJ Dillon","RB","GB","RB39",117.6,7.8,"RB32",8,"https://a.espncdn.com/i/teamlogos/nfl/500/gb.png","#203731","Green Bay Packers",6,28,1
"Aaron Jones","RB","GB","RB41",115.8,11.6,"RB14",4,"https://a.espncdn.com/i/teamlogos/nfl/500/gb.png","#203731","Green Bay Packers",6,33,6
"Patrick Taylor Jr.","RB","GB","RB82",30,3,NA,25,"https://a.espncdn.com/i/teamlogos/nfl/500/gb.png","#203731","Green Bay Packers",6,27,6
"Emanuel Wilson","RB","GB","RB102",14.8,2.1,NA,25,"https://a.espncdn.com/i/teamlogos/nfl/500/gb.png","#203731","Green Bay Packers",6,32,9
"Kenyan Drake","RB","BAL","RB128",3.1,1,NA,25,"https://a.espncdn.com/i/teamlogos/nfl/500/bal.png","#241773","Baltimore Ravens",6,32,13
"Luke Musgrave","TE","GB","TE29",73.1,7.3,"TE22",17,"https://a.espncdn.com/i/teamlogos/nfl/500/gb.png","#203731","Green Bay Packers",6,88,6
"Tucker Kraft","TE","GB","TE31",72.4,5.6,"TE52",25,"https://a.espncdn.com/i/teamlogos/nfl/500/gb.png","#203731","Green Bay Packers",6,85,3
"Josiah Deguara","TE","GB","TE80",14.5,1.1,"TE90",25,"https://a.espncdn.com/i/teamlogos/nfl/500/gb.png","#203731","Green Bay Packers",6,81,3
"Ben Sims","TE","GB","TE84",12.1,0.9,NA,25,"https://a.espncdn.com/i/teamlogos/nfl/500/gb.png","#203731","Green Bay Packers",6,89,3
"Jayden Reed","WR","GB","WR28",202,13.5,"WR74",19,"https://a.espncdn.com/i/teamlogos/nfl/500/gb.png","#203731","Green Bay Packers",6,11,1
"Romeo Doubs","WR","GB","WR35",174.4,10.9,"WR61",14,"https://a.espncdn.com/i/teamlogos/nfl/500/gb.png","#203731","Green Bay Packers",6,87,0
"Christian Watson","WR","GB","WR63",101.3,11.3,"WR23",5,"https://a.espncdn.com/i/teamlogos/nfl/500/gb.png","#203731","Green Bay Packers",6,9,7
"Dontayvion Wicks","WR","GB","WR68",95.7,6.8,"WR135",25,"https://a.espncdn.com/i/teamlogos/nfl/500/gb.png","#203731","Green Bay Packers",6,13,2
"Bo Melton","WR","GB","WR127",33.3,8.3,NA,25,"https://a.espncdn.com/i/teamlogos/nfl/500/gb.png","#203731","Green Bay Packers",6,80,12
"Malik Heath","WR","GB","WR137",29.6,2.5,"WR145",25,"https://a.espncdn.com/i/teamlogos/nfl/500/gb.png","#203731","Green Bay Packers",6,18,4
"Samori Toure","WR","GB","WR159",15.8,1.4,"WR159",25,"https://a.espncdn.com/i/teamlogos/nfl/500/gb.png","#203731","Green Bay Packers",6,83,5
"Houston Texans","DST","HOU","DST12",127,7.9,"DST32",25,"https://a.espncdn.com/i/teamlogos/nfl/500/hou.png","#03202F","Houston Texans",7,NA,0
"Ka'imi Fairbairn","K","HOU","K27",107,9.7,"K33",25,"https://a.espncdn.com/i/teamlogos/nfl/500/hou.png","#03202F","Houston Texans",7,15,5
"Matt Ammendola","K","HOU","K34",29,5.8,NA,25,"https://a.espncdn.com/i/teamlogos/nfl/500/hou.png","#03202F","Houston Texans",7,15,11
"C.J. Stroud","QB","HOU","QB13",260.5,18.6,"QB27",18,"https://a.espncdn.com/i/teamlogos/nfl/500/hou.png","#03202F","Houston Texans",7,7,2
"Davis Mills","QB","HOU","QB55",17.8,3.6,NA,25,"https://a.espncdn.com/i/teamlogos/nfl/500/hou.png","#03202F","Houston Texans",7,10,11
"Tim Boyle","QB","HOU","QB57",14.9,5,NA,25,"https://a.espncdn.com/i/teamlogos/nfl/500/hou.png","#03202F","Houston Texans",7,8,13
"Case Keenum","QB","HOU","QB59",12.7,6.4,NA,25,"https://a.espncdn.com/i/teamlogos/nfl/500/hou.png","#03202F","Houston Texans",7,18,14
"Devin Singletary","RB","HOU","RB32",153.8,9.6,"RB45",15,"https://a.espncdn.com/i/teamlogos/nfl/500/hou.png","#03202F","Houston Texans",7,26,0
"Dameon Pierce","RB","HOU","RB54",82.7,6.4,"RB17",5,"https://a.espncdn.com/i/teamlogos/nfl/500/hou.png","#03202F","Houston Texans",7,31,3
"Mike Boone","RB","CAR","RB104",13.3,1.5,NA,25,"https://a.espncdn.com/i/teamlogos/nfl/500-dark/car.png","#0085CA","Carolina Panthers",7,34,7
"Dare Ogunbowale","RB","HOU","RB111",10.3,1.1,NA,25,"https://a.espncdn.com/i/teamlogos/nfl/500/hou.png","#03202F","Houston Texans",7,33,7
"Dalton Schultz","TE","HOU","TE10",141.3,10.1,"TE11",10,"https://a.espncdn.com/i/teamlogos/nfl/500/hou.png","#03202F","Houston Texans",7,86,2
"Brevin Jordan","TE","HOU","TE42",50.9,4.2,NA,25,"https://a.espncdn.com/i/teamlogos/nfl/500/hou.png","#03202F","Houston Texans",7,9,4
"Andrew Beck","TE","HOU","TE61",29.9,2.1,"TE99",25,"https://a.espncdn.com/i/teamlogos/nfl/500/hou.png","#03202F","Houston Texans",7,47,2
"Teagan Quitoriano","TE","HOU","TE95",5.3,1.1,NA,25,"https://a.espncdn.com/i/teamlogos/nfl/500/hou.png","#03202F","Houston Texans",7,84,11
"Eric Saubert","TE","HOU","TE102",2.7,0.4,NA,25,"https://a.espncdn.com/i/teamlogos/nfl/500/hou.png","#03202F","Houston Texans",7,81,9
"Nico Collins","WR","HOU","WR18",225.9,16.1,"WR60",16,"https://a.espncdn.com/i/teamlogos/nfl/500/hou.png","#03202F","Houston Texans",7,12,2
"Tank Dell","WR","HOU","WR38",165,15,"WR75",16,"https://a.espncdn.com/i/teamlogos/nfl/500/hou.png","#03202F","Houston Texans",7,3,5
"Noah Brown","WR","HOU","WR62",101.6,10.2,NA,25,"https://a.espncdn.com/i/teamlogos/nfl/500/hou.png","#03202F","Houston Texans",7,85,6
"Robert Woods","WR","HOU","WR75",89.3,6.4,"WR85",20,"https://a.espncdn.com/i/teamlogos/nfl/500/hou.png","#03202F","Houston Texans",7,2,2
"John Metchie III","WR","HOU","WR133",30.7,2,"WR83",19,"https://a.espncdn.com/i/teamlogos/nfl/500/hou.png","#03202F","Houston Texans",7,8,1
"Xavier Hutchinson","WR","HOU","WR152",20.3,1.5,"WR172",25,"https://a.espncdn.com/i/teamlogos/nfl/500/hou.png","#03202F","Houston Texans",7,19,2
"Steven Sims Jr.","WR","HOU","WR184",5.6,1.9,NA,25,"https://a.espncdn.com/i/teamlogos/nfl/500/hou.png","#03202F","Houston Texans",7,82,13
"Indianapolis Colts","DST","IND","DST10",135,8.4,"DST30",25,"https://a.espncdn.com/i/teamlogos/nfl/500/ind.png","#002C5F","Indianapolis Colts",11,NA,0
"Matt Gay","K","IND","K8",146,9.1,"K11",16,"https://a.espncdn.com/i/teamlogos/nfl/500/ind.png","#002C5F","Indianapolis Colts",11,7,0
"Gardner Minshew II","QB","IND","QB21",196.7,13.1,NA,25,"https://a.espncdn.com/i/teamlogos/nfl/500/ind.png","#002C5F","Indianapolis Colts",11,10,1
"Anthony Richardson","QB","IND","QB37",73.7,18.4,"QB14",10,"https://a.espncdn.com/i/teamlogos/nfl/500/ind.png","#002C5F","Indianapolis Colts",11,5,12
"Zack Moss","RB","IND","RB29",166.6,12.8,"RB64",20,"https://a.espncdn.com/i/teamlogos/nfl/500/ind.png","#002C5F","Indianapolis Colts",11,21,3
"Jonathan Taylor","RB","IND","RB37",128.8,14.3,"RB18",4,"https://a.espncdn.com/i/teamlogos/nfl/500/ind.png","#002C5F","Indianapolis Colts",11,28,7
"Trey Sermon","RB","IND","RB89",20.3,1.7,NA,25,"https://a.espncdn.com/i/teamlogos/nfl/500/ind.png","#002C5F","Indianapolis Colts",11,27,4
"Tyler Goodson","RB","IND","RB94",18.1,3.6,NA,25,"https://a.espncdn.com/i/teamlogos/nfl/500/ind.png","#002C5F","Indianapolis Colts",11,31,11
"Evan Hull","RB","IND","RB138",1.7,1.7,"RB67",19,"https://a.espncdn.com/i/teamlogos/nfl/500/ind.png","#002C5F","Indianapolis Colts",11,26,15
"Kylen Granson","TE","IND","TE34",69.7,5,"TE95",25,"https://a.espncdn.com/i/teamlogos/nfl/500/ind.png","#002C5F","Indianapolis Colts",11,83,2
"Mo Alie-Cox","TE","IND","TE48",43.3,2.9,"TE80",25,"https://a.espncdn.com/i/teamlogos/nfl/500/ind.png","#002C5F","Indianapolis Colts",11,81,1
"Will Mallory","TE","IND","TE51",38.7,3.5,NA,25,"https://a.espncdn.com/i/teamlogos/nfl/500/ind.png","#002C5F","Indianapolis Colts",11,86,5
"Andrew Ogletree","TE","IND","TE55",35.7,3,NA,25,"https://a.espncdn.com/i/teamlogos/nfl/500/ind.png","#002C5F","Indianapolis Colts",11,85,4
"Michael Pittman Jr.","WR","IND","WR13",242.8,16.2,"WR33",6,"https://a.espncdn.com/i/teamlogos/nfl/500/ind.png","#002C5F","Indianapolis Colts",11,11,1
"Josh Downs","WR","IND","WR44",149.3,9.3,"WR87",21,"https://a.espncdn.com/i/teamlogos/nfl/500/ind.png","#002C5F","Indianapolis Colts",11,1,0
"Alec Pierce","WR","IND","WR70",95.4,6,"WR76",18,"https://a.espncdn.com/i/teamlogos/nfl/500/ind.png","#002C5F","Indianapolis Colts",11,14,0
"Isaiah McKenzie","WR","IND","WR156",16.6,1.3,"WR110",25,"https://a.espncdn.com/i/teamlogos/nfl/500/ind.png","#002C5F","Indianapolis Colts",11,6,3
"D.J. Montgomery","WR","IND","WR163",14.6,2.9,NA,25,"https://a.espncdn.com/i/teamlogos/nfl/500/ind.png","#002C5F","Indianapolis Colts",11,2,11
"Jacksonville Jaguars","DST","JAX","DST15",117,7.3,"DST15",17,"https://a.espncdn.com/i/teamlogos/nfl/500/jax.png","#006778","Jacksonville Jaguars",9,NA,0
"Brandon McManus","K","JAX","K11",137,8.6,"K12",13,"https://a.espncdn.com/i/teamlogos/nfl/500/jax.png","#006778","Jacksonville Jaguars",9,10,0
"Trevor Lawrence","QB","JAX","QB14",258.3,17.2,"QB8",5,"https://a.espncdn.com/i/teamlogos/nfl/500/jax.png","#006778","Jacksonville Jaguars",9,16,1
"C.J. Beathard","QB","JAX","QB54",21.5,3.1,"QB74",25,"https://a.espncdn.com/i/teamlogos/nfl/500/jax.png","#006778","Jacksonville Jaguars",9,3,9
"Travis Etienne Jr.","RB","JAX","RB2",268.7,16.8,"RB10",3,"https://a.espncdn.com/i/teamlogos/nfl/500/jax.png","#006778","Jacksonville Jaguars",9,1,0
"D'Ernest Johnson","RB","JAX","RB78",34.9,2.2,"RB108",25,"https://a.espncdn.com/i/teamlogos/nfl/500/jax.png","#006778","Jacksonville Jaguars",9,25,0
"Tank Bigsby","RB","JAX","RB88",21.2,1.5,"RB49",12,"https://a.espncdn.com/i/teamlogos/nfl/500/jax.png","#006778","Jacksonville Jaguars",9,4,2
"Evan Engram","TE","JAX","TE4",206.4,12.9,"TE8",7,"https://a.espncdn.com/i/teamlogos/nfl/500/jax.png","#006778","Jacksonville Jaguars",9,17,0
"Luke Farrell","TE","JAX","TE64",28.5,2,NA,25,"https://a.espncdn.com/i/teamlogos/nfl/500/jax.png","#006778","Jacksonville Jaguars",9,89,2
"Brenton Strange","TE","JAX","TE80",14.5,1.3,"TE79",25,"https://a.espncdn.com/i/teamlogos/nfl/500/jax.png","#006778","Jacksonville Jaguars",9,85,5
"Calvin Ridley","WR","JAX","WR24",207.3,13,"WR16",3,"https://a.espncdn.com/i/teamlogos/nfl/500/jax.png","#006778","Jacksonville Jaguars",9,0,0
"Christian Kirk","WR","JAX","WR43",150.3,12.5,"WR32",6,"https://a.espncdn.com/i/teamlogos/nfl/500/jax.png","#006778","Jacksonville Jaguars",9,13,4
"Zay Jones","WR","JAX","WR87",67.4,8.4,"WR58",14,"https://a.espncdn.com/i/teamlogos/nfl/500/jax.png","#006778","Jacksonville Jaguars",9,7,8
"Jamal Agnew","WR","JAX","WR115",40.3,3.7,NA,25,"https://a.espncdn.com/i/teamlogos/nfl/500/jax.png","#006778","Jacksonville Jaguars",9,39,5
"Parker Washington","WR","JAX","WR120",37.1,4.6,NA,25,"https://a.espncdn.com/i/teamlogos/nfl/500/jax.png","#006778","Jacksonville Jaguars",9,11,8
"Tim Jones","WR","JAX","WR154",17.6,1.2,NA,25,"https://a.espncdn.com/i/teamlogos/nfl/500/jax.png","#006778","Jacksonville Jaguars",9,15,1
"Elijah Cooks","WR","JAX","WR179",6.8,1,"WR185",25,"https://a.espncdn.com/i/teamlogos/nfl/500/jax.png","#006778","Jacksonville Jaguars",9,14,9
"Kansas City Chiefs","DST","KC","DST14",119,7.4,"DST11",15,"https://a.espncdn.com/i/teamlogos/nfl/500/kc.png","#E31837","Kansas City Chiefs",10,NA,0
"Harrison Butker","K","KC","K8",146,9.1,"K5",10,"https://a.espncdn.com/i/teamlogos/nfl/500/kc.png","#E31837","Kansas City Chiefs",10,7,0
"Patrick Mahomes II","QB","KC","QB7",294.2,18.4,"QB1",1,"https://a.espncdn.com/i/teamlogos/nfl/500/kc.png","#E31837","Kansas City Chiefs",10,15,0
"Isiah Pacheco","RB","KC","RB13",213.9,15.3,"RB28",7,"https://a.espncdn.com/i/teamlogos/nfl/500/kc.png","#E31837","Kansas City Chiefs",10,10,2
"Jerick McKinnon","RB","KC","RB52",84.4,7,"RB39",11,"https://a.espncdn.com/i/teamlogos/nfl/500/kc.png","#E31837","Kansas City Chiefs",10,1,4
"Clyde Edwards-Helaire","RB","KC","RB58",68.1,4.9,"RB61",17,"https://a.espncdn.com/i/teamlogos/nfl/500/kc.png","#E31837","Kansas City Chiefs",10,25,2
"Keaontay Ingram","RB","KC","RB103",14,2,"RB76",22,"https://a.espncdn.com/i/teamlogos/nfl/500/kc.png","#E31837","Kansas City Chiefs",10,30,9
"La'Mical Perine","RB","KC","RB144",0.1,0,NA,25,"https://a.espncdn.com/i/teamlogos/nfl/500/kc.png","#E31837","Kansas City Chiefs",10,29,13
"Travis Kelce","TE","KC","TE2",219.4,14.6,"TE1",1,"https://a.espncdn.com/i/teamlogos/nfl/500/kc.png","#E31837","Kansas City Chiefs",10,87,1
"Noah Gray","TE","KC","TE33",70.6,4.4,"TE36",25,"https://a.espncdn.com/i/teamlogos/nfl/500/kc.png","#E31837","Kansas City Chiefs",10,83,0
"Blake Bell","TE","KC","TE87",10.3,0.9,"TE40",25,"https://a.espncdn.com/i/teamlogos/nfl/500/kc.png","#E31837","Kansas City Chiefs",10,81,4
"Rashee Rice","WR","KC","WR21",212.5,13.3,"WR68",13,"https://a.espncdn.com/i/teamlogos/nfl/500/kc.png","#E31837","Kansas City Chiefs",10,4,0
"Justin Watson","WR","KC","WR76",89,5.9,"WR102",25,"https://a.espncdn.com/i/teamlogos/nfl/500/kc.png","#E31837","Kansas City Chiefs",10,94,1
"Marquez Valdes-Scantling","WR","KC","WR101",56.5,3.5,"WR67",18,"https://a.espncdn.com/i/teamlogos/nfl/500/kc.png","#E31837","Kansas City Chiefs",10,11,0
"Skyy Moore","WR","KC","WR104",53.7,3.8,"WR49",11,"https://a.espncdn.com/i/teamlogos/nfl/500/kc.png","#E31837","Kansas City Chiefs",10,24,2
"Kadarius Toney","WR","KC","WR106",53,4.1,"WR47",9,"https://a.espncdn.com/i/teamlogos/nfl/500/kc.png","#E31837","Kansas City Chiefs",10,19,3
"Richie James Jr.","WR","KC","WR158",15.9,2,"WR89",25,"https://a.espncdn.com/i/teamlogos/nfl/500/kc.png","#E31837","Kansas City Chiefs",10,17,8
"Mecole Hardman Jr.","WR","KC","WR167",12,2,"WR81",20,"https://a.espncdn.com/i/teamlogos/nfl/500/kc.png","#E31837","Kansas City Chiefs",10,12,10
"Justyn Ross","WR","KC","WR176",7.6,1.3,"WR73",16,"https://a.espncdn.com/i/teamlogos/nfl/500/kc.png","#E31837","Kansas City Chiefs",10,8,10
"Los Angeles Chargers","DST","LAC","DST24",105,6.6,"DST22",25,"https://a.espncdn.com/i/teamlogos/nfl/500/lac.png","#007BC7","Los Angeles Chargers",5,NA,0
"Cameron Dicker","K","LAC","K12",136,8.5,"K10",15,"https://a.espncdn.com/i/teamlogos/nfl/500/lac.png","#007BC7","Los Angeles Chargers",5,11,0
"Justin Herbert","QB","LAC","QB16",241.2,18.6,"QB6",4,"https://a.espncdn.com/i/teamlogos/nfl/500/lac.png","#007BC7","Los Angeles Chargers",5,10,3
"Easton Stick","QB","LAC","QB46",52,13,"QB75",25,"https://a.espncdn.com/i/teamlogos/nfl/500/lac.png","#007BC7","Los Angeles Chargers",5,2,12
"Austin Ekeler","RB","LAC","RB25",173.5,13.3,"RB2",1,"https://a.espncdn.com/i/teamlogos/nfl/500/lac.png","#007BC7","Los Angeles Chargers",5,30,3
"Joshua Kelley","RB","LAC","RB59",61.6,3.9,"RB70",23,"https://a.espncdn.com/i/teamlogos/nfl/500/lac.png","#007BC7","Los Angeles Chargers",5,25,0
"Isaiah Spiller","RB","LAC","RB92",19,2.1,NA,25,"https://a.espncdn.com/i/teamlogos/nfl/500/lac.png","#007BC7","Los Angeles Chargers",5,28,7
"Elijah Dotson","RB","LAC","RB124",3.9,3.9,"RB99",25,"https://a.espncdn.com/i/teamlogos/nfl/500/lac.png","#007BC7","Los Angeles Chargers",5,42,15
"Gerald Everett","TE","LAC","TE21",109.7,7.8,"TE17",15,"https://a.espncdn.com/i/teamlogos/nfl/500/lac.png","#007BC7","Los Angeles Chargers",5,7,2
"Donald Parham Jr.","TE","LAC","TE35",66.2,5.1,"TE98",25,"https://a.espncdn.com/i/teamlogos/nfl/500/lac.png","#007BC7","Los Angeles Chargers",5,89,3
"Stone Smartt","TE","LAC","TE63",29.1,2.2,NA,25,"https://a.espncdn.com/i/teamlogos/nfl/500/lac.png","#007BC7","Los Angeles Chargers",5,84,3
"Keenan Allen","WR","LAC","WR6",278.9,21.5,"WR19",4,"https://a.espncdn.com/i/teamlogos/nfl/500/lac.png","#007BC7","Los Angeles Chargers",5,13,3
"Joshua Palmer","WR","LAC","WR68",95.7,9.6,"WR91",25,"https://a.espncdn.com/i/teamlogos/nfl/500/lac.png","#007BC7","Los Angeles Chargers",5,5,6
"Quentin Johnston","WR","LAC","WR74",89.7,5.6,"WR48",9,"https://a.espncdn.com/i/teamlogos/nfl/500/lac.png","#007BC7","Los Angeles Chargers",5,1,0
"Mike Williams","WR","LAC","WR109",50.2,16.7,"WR24",6,"https://a.espncdn.com/i/teamlogos/nfl/500/lac.png","#007BC7","Los Angeles Chargers",5,81,13
"Alex Erickson","WR","LAC","WR115",40.3,5.8,NA,25,"https://a.espncdn.com/i/teamlogos/nfl/500/lac.png","#007BC7","Los Angeles Chargers",5,82,9
"Derius Davis","WR","LAC","WR131",31.2,2,"WR160",25,"https://a.espncdn.com/i/teamlogos/nfl/500/lac.png","#007BC7","Los Angeles Chargers",5,12,0
"Jalen Guyton","WR","LAC","WR142",24.9,3.6,"WR183",25,"https://a.espncdn.com/i/teamlogos/nfl/500/lac.png","#007BC7","Los Angeles Chargers",5,15,9
"Simi Fehoko","WR","LAC","WR175",7.9,1.6,NA,25,"https://a.espncdn.com/i/teamlogos/nfl/500/lac.png","#007BC7","Los Angeles Chargers",5,87,11
"Keelan Doss","WR","LAC","WR177",7.5,2.5,NA,25,"https://a.espncdn.com/i/teamlogos/nfl/500/lac.png","#007BC7","Los Angeles Chargers",5,86,13
"Los Angeles Rams","DST","LAR","DST29",77,4.8,"DST25",25,"https://a.espncdn.com/i/teamlogos/nfl/500/lar.png","#003594","Los Angeles Rams",10,NA,0
"Brett Maher","K","LAR","K31",76,10.9,"K28",25,"https://a.espncdn.com/i/teamlogos/nfl/500/lar.png","#003594","Los Angeles Rams",10,8,9
"Lucas Havrisik","K","LAR","K32",70,7.8,NA,25,"https://a.espncdn.com/i/teamlogos/nfl/500/lar.png","#003594","Los Angeles Rams",10,8,7
"Matthew Stafford","QB","LAR","QB15",254.1,16.9,"QB22",18,"https://a.espncdn.com/i/teamlogos/nfl/500/lar.png","#003594","Los Angeles Rams",10,9,1
"Kyren Williams","RB","LAR","RB5",255,21.3,"RB72",25,"https://a.espncdn.com/i/teamlogos/nfl/500/lar.png","#003594","Los Angeles Rams",10,23,4
"Royce Freeman","RB","LAR","RB66",43.7,4.4,NA,25,"https://a.espncdn.com/i/teamlogos/nfl/500/lar.png","#003594","Los Angeles Rams",10,24,6
"Darrell Henderson Jr.","RB","LAR","RB67",43.5,10.9,NA,25,"https://a.espncdn.com/i/teamlogos/nfl/500/lar.png","#003594","Los Angeles Rams",10,27,12
"Ronnie Rivers","RB","LAR","RB101",14.9,1.9,NA,25,"https://a.espncdn.com/i/teamlogos/nfl/500/lar.png","#003594","Los Angeles Rams",10,20,8
"Zach Evans","RB","LAR","RB139",1.6,0.5,"RB86",23,"https://a.espncdn.com/i/teamlogos/nfl/500/lar.png","#003594","Los Angeles Rams",10,21,13
"Tyler Higbee","TE","LAR","TE22",108.5,7.2,"TE14",12,"https://a.espncdn.com/i/teamlogos/nfl/500/lar.png","#003594","Los Angeles Rams",10,89,1
"Davis Allen","TE","LAR","TE77",19,1.6,"TE96",25,"https://a.espncdn.com/i/teamlogos/nfl/500/lar.png","#003594","Los Angeles Rams",10,87,4
"Brycen Hopkins","TE","LAR","TE93",6.1,0.5,"TE85",25,"https://a.espncdn.com/i/teamlogos/nfl/500/lar.png","#003594","Los Angeles Rams",10,88,4
"Puka Nacua","WR","LAR","WR5",284.4,17.8,"WR90",23,"https://a.espncdn.com/i/teamlogos/nfl/500/lar.png","#003594","Los Angeles Rams",10,17,0
"Cooper Kupp","WR","LAR","WR39",164.4,13.7,"WR7",2,"https://a.espncdn.com/i/teamlogos/nfl/500/lar.png","#003594","Los Angeles Rams",10,10,4
"Tutu Atwell","WR","LAR","WR59",108.1,7.7,NA,25,"https://a.espncdn.com/i/teamlogos/nfl/500/lar.png","#003594","Los Angeles Rams",10,5,2
"Demarcus Robinson","WR","LAR","WR79",87.4,10.9,"WR167",25,"https://a.espncdn.com/i/teamlogos/nfl/500/lar.png","#003594","Los Angeles Rams",10,15,8
"Ben Skowronek","WR","LAR","WR155",17.3,1.2,NA,25,"https://a.espncdn.com/i/teamlogos/nfl/500/lar.png","#003594","Los Angeles Rams",10,18,1
"Austin Trammell","WR","LAR","WR186",4.9,0.4,NA,25,"https://a.espncdn.com/i/teamlogos/nfl/500/lar.png","#003594","Los Angeles Rams",10,81,2
"Las Vegas Raiders","DST","LV","DST6",138,8.6,"DST27",25,"https://a.espncdn.com/i/teamlogos/nfl/500/lv.png","#000000","Las Vegas Raiders",13,NA,0
"Daniel Carlson","K","LV","K24",111,6.9,"K2",11,"https://a.espncdn.com/i/teamlogos/nfl/500/lv.png","#000000","Las Vegas Raiders",13,2,0
"Aidan O'Connell","QB","LV","QB30",115,11.5,"QB65",25,"https://a.espncdn.com/i/teamlogos/nfl/500/lv.png","#000000","Las Vegas Raiders",13,4,6
"Jimmy Garoppolo","QB","LV","QB39",73.1,12.2,"QB28",20,"https://a.espncdn.com/i/teamlogos/nfl/500/lv.png","#000000","Las Vegas Raiders",13,10,10
"Brian Hoyer","QB","LV","QB62",6.9,3.5,NA,25,"https://a.espncdn.com/i/teamlogos/nfl/500/lv.png","#000000","Las Vegas Raiders",13,7,14
"Josh Jacobs","RB","LV","RB23",181.1,13.9,"RB8",2,"https://a.espncdn.com/i/teamlogos/nfl/500/lv.png","#000000","Las Vegas Raiders",13,8,3
"Zamir White","RB","LV","RB60",60.8,4.7,"RB66",19,"https://a.espncdn.com/i/teamlogos/nfl/500/lv.png","#000000","Las Vegas Raiders",13,35,3
"Ameer Abdullah","RB","LV","RB70",39.3,2.5,NA,25,"https://a.espncdn.com/i/teamlogos/nfl/500/lv.png","#000000","Las Vegas Raiders",13,22,0
"Brandon Bolden","RB","LV","RB109",11.1,2.2,NA,25,"https://a.espncdn.com/i/teamlogos/nfl/500/lv.png","#000000","Las Vegas Raiders",13,34,11
"Jakob Johnson","RB","LV","RB134",2.2,0.2,"RB112",25,"https://a.espncdn.com/i/teamlogos/nfl/500/lv.png","#000000","Las Vegas Raiders",13,45,6
"Michael Mayer","TE","LV","TE32",71.4,5.5,"TE26",16,"https://a.espncdn.com/i/teamlogos/nfl/500/lv.png","#000000","Las Vegas Raiders",13,87,3
"Austin Hooper","TE","LV","TE50",40.5,2.7,NA,25,"https://a.espncdn.com/i/teamlogos/nfl/500/lv.png","#000000","Las Vegas Raiders",13,81,1
"Cole Fotheringham","TE","LV","TE106",1.6,1.6,NA,25,"https://a.espncdn.com/i/teamlogos/nfl/500/lv.png","#000000","Las Vegas Raiders",13,85,15
"Jesper Horsted","TE","LV","TE108",1.4,0.3,NA,25,"https://a.espncdn.com/i/teamlogos/nfl/500/lv.png","#000000","Las Vegas Raiders",13,80,11
"Davante Adams","WR","LV","WR11",249.8,15.6,"WR5",2,"https://a.espncdn.com/i/teamlogos/nfl/500/lv.png","#000000","Las Vegas Raiders",13,17,0
"Jakobi Meyers","WR","LV","WR31",197,13.1,"WR52",13,"https://a.espncdn.com/i/teamlogos/nfl/500/lv.png","#000000","Las Vegas Raiders",13,16,1
"Tre Tucker","WR","LV","WR98",57.8,4.4,"WR155",25,"https://a.espncdn.com/i/teamlogos/nfl/500/lv.png","#000000","Las Vegas Raiders",13,11,3
"Hunter Renfrow","WR","LV","WR111",48.5,3.5,"WR72",18,"https://a.espncdn.com/i/teamlogos/nfl/500/lv.png","#000000","Las Vegas Raiders",13,13,2
"DeAndre Carter","WR","LV","WR174",8.4,0.5,"WR152",25,"https://a.espncdn.com/i/teamlogos/nfl/500/lv.png","#000000","Las Vegas Raiders",13,3,0
"Miami Dolphins","DST","MIA","DST5",143,8.9,"DST9",13,"https://a.espncdn.com/i/teamlogos/nfl/500/mia.png","#008E97","Miami Dolphins",10,NA,0
"Jason Sanders","K","MIA","K9",144,9,"K14",14,"https://a.espncdn.com/i/teamlogos/nfl/500/mia.png","#008E97","Miami Dolphins",10,7,0
"Tua Tagovailoa","QB","MIA","QB10",274.7,17.2,"QB11",8,"https://a.espncdn.com/i/teamlogos/nfl/500/mia.png","#008E97","Miami Dolphins",10,1,0
"Mike White","QB","MIA","QB66",3.1,0.5,"QB88",25,"https://a.espncdn.com/i/teamlogos/nfl/500/mia.png","#008E97","Miami Dolphins",10,14,10
"Raheem Mostert","RB","MIA","RB3",267.7,17.8,"RB41",12,"https://a.espncdn.com/i/teamlogos/nfl/500/mia.png","#008E97","Miami Dolphins",10,31,1
"De'Von Achane","RB","MIA","RB24",177.6,17.8,"RB42",11,"https://a.espncdn.com/i/teamlogos/nfl/500/mia.png","#008E97","Miami Dolphins",10,28,6
"Salvon Ahmed","RB","MIA","RB68",42.9,5.4,NA,25,"https://a.espncdn.com/i/teamlogos/nfl/500/mia.png","#008E97","Miami Dolphins",10,26,8
"Jeff Wilson Jr.","RB","MIA","RB74",36.8,4.1,"RB54",25,"https://a.espncdn.com/i/teamlogos/nfl/500/mia.png","#008E97","Miami Dolphins",10,23,7
"Darrynton Evans","RB","BUF","RB82",30,5,NA,25,"https://a.espncdn.com/i/teamlogos/nfl/500/buf.png","#00338D","Buffalo Bills",10,37,10
"Alec Ingold","RB","MIA","RB86",24.9,1.7,"RB101",25,"https://a.espncdn.com/i/teamlogos/nfl/500/mia.png","#008E97","Miami Dolphins",10,30,1
"Chris Brooks","RB","MIA","RB110",10.6,2.7,"RB106",25,"https://a.espncdn.com/i/teamlogos/nfl/500/mia.png","#008E97","Miami Dolphins",10,35,12
"Durham Smythe","TE","MIA","TE36",65.6,4.4,"TE57",25,"https://a.espncdn.com/i/teamlogos/nfl/500/mia.png","#008E97","Miami Dolphins",10,81,1
"Julian Hill","TE","MIA","TE89",7.6,0.5,"TE82",25,"https://a.espncdn.com/i/teamlogos/nfl/500/mia.png","#008E97","Miami Dolphins",10,89,2
"Tyreek Hill","WR","MIA","WR2",355.2,23.7,"WR3",1,"https://a.espncdn.com/i/teamlogos/nfl/500/mia.png","#008E97","Miami Dolphins",10,10,1
"Jaylen Waddle","WR","MIA","WR29",198.6,14.2,"WR11",2,"https://a.espncdn.com/i/teamlogos/nfl/500/mia.png","#008E97","Miami Dolphins",10,17,2
"Cedrick Wilson Jr.","WR","MIA","WR88",66.2,5.1,"WR134",25,"https://a.espncdn.com/i/teamlogos/nfl/500/mia.png","#008E97","Miami Dolphins",10,11,3
"Braxton Berrios","WR","MIA","WR102",55,3.7,NA,25,"https://a.espncdn.com/i/teamlogos/nfl/500/mia.png","#008E97","Miami Dolphins",10,0,1
"River Cracraft","WR","MIA","WR143",24.3,2.7,"WR138",25,"https://a.espncdn.com/i/teamlogos/nfl/500/mia.png","#008E97","Miami Dolphins",10,85,7
"Robbie Chosen","WR","MIA","WR146",22.6,2.8,NA,25,"https://a.espncdn.com/i/teamlogos/nfl/500/mia.png","#008E97","Miami Dolphins",10,3,8
"Chase Claypool","WR","MIA","WR151",20.4,2,"WR82",21,"https://a.espncdn.com/i/teamlogos/nfl/500/mia.png","#008E97","Miami Dolphins",10,83,6
"Erik Ezukanma","WR","MIA","WR193",2.2,1.1,"WR141",25,"https://a.espncdn.com/i/teamlogos/nfl/500/mia.png","#008E97","Miami Dolphins",10,18,14
"Minnesota Vikings","DST","MIN","DST13",124,7.8,"DST19",25,"https://a.espncdn.com/i/teamlogos/nfl/500/min.png","#4F2683","Minnesota Vikings",13,NA,0
"Greg Joseph","K","MIN","K25",110,6.9,"K20",25,"https://a.espncdn.com/i/teamlogos/nfl/500/min.png","#4F2683","Minnesota Vikings",13,1,0
"Joshua Dobbs","QB","MIN","QB20",210.7,16.2,NA,25,"https://a.espncdn.com/i/teamlogos/nfl/500/min.png","#4F2683","Minnesota Vikings",13,15,3
"Kirk Cousins","QB","MIN","QB24",154.7,19.3,"QB13",10,"https://a.espncdn.com/i/teamlogos/nfl/500/min.png","#4F2683","Minnesota Vikings",13,8,8
"Nick Mullens","QB","MIN","QB45",52.1,13,"QB76",25,"https://a.espncdn.com/i/teamlogos/nfl/500/min.png","#4F2683","Minnesota Vikings",13,12,12
"Jaren Hall","QB","MIN","QB66",3.1,1,"QB81",25,"https://a.espncdn.com/i/teamlogos/nfl/500/min.png","#4F2683","Minnesota Vikings",13,16,13
"Alexander Mattison","RB","MIN","RB36",129.3,8.6,"RB22",5,"https://a.espncdn.com/i/teamlogos/nfl/500/min.png","#4F2683","Minnesota Vikings",13,2,1
"Ty Chandler","RB","MIN","RB50",90.1,6,"RB65",20,"https://a.espncdn.com/i/teamlogos/nfl/500/min.png","#4F2683","Minnesota Vikings",13,32,1
"Cam Akers","RB","MIN","RB65",46.7,6.7,"RB24",6,"https://a.espncdn.com/i/teamlogos/nfl/500/min.png","#4F2683","Minnesota Vikings",13,31,9
"C.J. Ham","RB","MIN","RB112",10.2,0.7,"RB94",25,"https://a.espncdn.com/i/teamlogos/nfl/500/min.png","#4F2683","Minnesota Vikings",13,30,2
"Kene Nwangwu","RB","MIN","RB140",1.3,0.2,NA,25,"https://a.espncdn.com/i/teamlogos/nfl/500/min.png","#4F2683","Minnesota Vikings",13,26,9
"T.J. Hockenson","TE","MIN","TE3",219,14.6,"TE3",4,"https://a.espncdn.com/i/teamlogos/nfl/500/min.png","#4F2683","Minnesota Vikings",13,87,1
"Josh Oliver","TE","MIN","TE44",48.2,3,"TE59",25,"https://a.espncdn.com/i/teamlogos/nfl/500/min.png","#4F2683","Minnesota Vikings",13,84,0
"Johnny Mundt","TE","MIN","TE62",29.4,2.3,"TE108",25,"https://a.espncdn.com/i/teamlogos/nfl/500/min.png","#4F2683","Minnesota Vikings",13,86,3
"Jordan Addison","WR","MIN","WR27",205.6,12.9,"WR37",8,"https://a.espncdn.com/i/teamlogos/nfl/500/min.png","#4F2683","Minnesota Vikings",13,3,0
"Justin Jefferson","WR","MIN","WR37",166.2,18.5,"WR1",1,"https://a.espncdn.com/i/teamlogos/nfl/500/min.png","#4F2683","Minnesota Vikings",13,18,7
"K.J. Osborn","WR","MIN","WR57",117.1,8.4,"WR65",18,"https://a.espncdn.com/i/teamlogos/nfl/500/min.png","#4F2683","Minnesota Vikings",13,17,2
"Brandon Powell","WR","MIN","WR89",65.9,4.1,"WR166",25,"https://a.espncdn.com/i/teamlogos/nfl/500/min.png","#4F2683","Minnesota Vikings",13,4,0
"Jalen Nailor","WR","MIN","WR182",5.9,1.2,"WR184",25,"https://a.espncdn.com/i/teamlogos/nfl/500/min.png","#4F2683","Minnesota Vikings",13,83,11
"Trishton Jackson","WR","MIN","WR186",4.9,1,NA,25,"https://a.espncdn.com/i/teamlogos/nfl/500/min.png","#4F2683","Minnesota Vikings",13,9,11
"New England Patriots","DST","NE","DST24",105,6.6,"DST6",12,"https://a.espncdn.com/i/teamlogos/nfl/500/ne.png","#002244","New England Patriots",11,NA,0
"Chad Ryland","K","NE","K30",78,4.9,"K30",25,"https://a.espncdn.com/i/teamlogos/nfl/500/ne.png","#002244","New England Patriots",11,37,0
"Mac Jones","QB","NE","QB29",118.4,10.8,"QB30",21,"https://a.espncdn.com/i/teamlogos/nfl/500/ne.png","#002244","New England Patriots",11,10,5
"Bailey Zappe","QB","NE","QB36",75.4,8.4,"QB72",25,"https://a.espncdn.com/i/teamlogos/nfl/500/ne.png","#002244","New England Patriots",11,4,7
"Ezekiel Elliott","RB","NE","RB30",161.4,10.1,"RB40",11,"https://a.espncdn.com/i/teamlogos/nfl/500/ne.png","#002244","New England Patriots",11,15,0
"Rhamondre Stevenson","RB","NE","RB33",145.7,12.1,"RB11",3,"https://a.espncdn.com/i/teamlogos/nfl/500/ne.png","#002244","New England Patriots",11,38,4
"Kevin Harris","RB","NE","RB91",19.5,6.5,NA,25,"https://a.espncdn.com/i/teamlogos/nfl/500/ne.png","#002244","New England Patriots",11,36,13
"Ty Montgomery II","RB","NE","RB113",9.9,0.8,NA,25,"https://a.espncdn.com/i/teamlogos/nfl/500/ne.png","#002244","New England Patriots",11,14,4
"Ke'Shawn Vaughn","RB","NE","RB118",6.4,1.3,NA,25,"https://a.espncdn.com/i/teamlogos/nfl/500/ne.png","#002244","New England Patriots",11,43,11
"Hunter Henry","TE","NE","TE17",119.9,8.6,"TE29",25,"https://a.espncdn.com/i/teamlogos/nfl/500/ne.png","#002244","New England Patriots",11,85,2
"Mike Gesicki","TE","NE","TE37",63.9,4,"TE25",20,"https://a.espncdn.com/i/teamlogos/nfl/500/ne.png","#002244","New England Patriots",11,88,0
"Pharaoh Brown","TE","NE","TE54",36.8,2.8,NA,25,"https://a.espncdn.com/i/teamlogos/nfl/500/ne.png","#002244","New England Patriots",11,86,3
"Demario Douglas","WR","NE","WR61",103.9,8,NA,25,"https://a.espncdn.com/i/teamlogos/nfl/500/ne.png","#002244","New England Patriots",11,81,3
"Kendrick Bourne","WR","NE","WR64",100,12.5,NA,25,"https://a.espncdn.com/i/teamlogos/nfl/500/ne.png","#002244","New England Patriots",11,84,8
"DeVante Parker","WR","NE","WR85",70.8,5.9,"WR80",21,"https://a.espncdn.com/i/teamlogos/nfl/500/ne.png","#002244","New England Patriots",11,1,4
"JuJu Smith-Schuster","WR","NE","WR93",61,5.5,"WR44",9,"https://a.espncdn.com/i/teamlogos/nfl/500/ne.png","#002244","New England Patriots",11,7,5
"Tyquan Thornton","WR","NE","WR140",27.2,3,"WR108",24,"https://a.espncdn.com/i/teamlogos/nfl/500/ne.png","#002244","New England Patriots",11,11,7
"Jalen Reagor","WR","NE","WR148",22.5,2.3,NA,25,"https://a.espncdn.com/i/teamlogos/nfl/500/ne.png","#002244","New England Patriots",11,83,6
"Kayshon Boutte","WR","NE","WR189",3.9,1,"WR154",25,"https://a.espncdn.com/i/teamlogos/nfl/500/ne.png","#002244","New England Patriots",11,80,12
"New Orleans Saints","DST","NO","DST10",135,8.4,"DST10",14,"https://a.espncdn.com/i/teamlogos/nfl/500/no.png","#D3BC8D","New Orleans Saints",11,NA,0
"Blake Grupe","K","NO","K10",138,8.6,"K29",25,"https://a.espncdn.com/i/teamlogos/nfl/500/no.png","#D3BC8D","New Orleans Saints",11,19,0
"Derek Carr","QB","NO","QB18",222,13.9,"QB19",14,"https://a.espncdn.com/i/teamlogos/nfl/500/no.png","#D3BC8D","New Orleans Saints",11,4,0
"Jameis Winston","QB","NO","QB56",15,2.5,"QB58",25,"https://a.espncdn.com/i/teamlogos/nfl/500/no.png","#D3BC8D","New Orleans Saints",11,2,10
"Alvin Kamara","RB","NO","RB9",233,17.9,"RB21",6,"https://a.espncdn.com/i/teamlogos/nfl/500/no.png","#D3BC8D","New Orleans Saints",11,41,3
"Jamaal Williams","RB","NO","RB62",48.4,4,"RB34",9,"https://a.espncdn.com/i/teamlogos/nfl/500/no.png","#D3BC8D","New Orleans Saints",11,21,4
"Kendre Miller","RB","NO","RB85",28.4,4.1,"RB55",17,"https://a.espncdn.com/i/teamlogos/nfl/500/no.png","#D3BC8D","New Orleans Saints",11,25,9
"Adam Prentice","RB","NO","RB130",2.4,0.2,"RB123",25,"https://a.espncdn.com/i/teamlogos/nfl/500/no.png","#D3BC8D","New Orleans Saints",11,46,6
"James Robinson","RB","NO","RB143",1,1,"RB83",25,"https://a.espncdn.com/i/teamlogos/nfl/500/no.png","#D3BC8D","New Orleans Saints",11,26,15
"Taysom Hill","TE","NO","TE15",131.6,8.8,"TE23",16,"https://a.espncdn.com/i/teamlogos/nfl/500/no.png","#D3BC8D","New Orleans Saints",11,7,1
"Juwan Johnson","TE","NO","TE25",90.8,7.6,"TE15",17,"https://a.espncdn.com/i/teamlogos/nfl/500/no.png","#D3BC8D","New Orleans Saints",11,83,4
"Foster Moreau","TE","NO","TE46",45,3.5,NA,25,"https://a.espncdn.com/i/teamlogos/nfl/500/no.png","#D3BC8D","New Orleans Saints",11,87,3
"Jimmy Graham","TE","NO","TE57",33.9,3.8,"TE35",25,"https://a.espncdn.com/i/teamlogos/nfl/500/no.png","#D3BC8D","New Orleans Saints",11,80,7
"Chris Olave","WR","NO","WR20",216.7,14.4,"WR12",2,"https://a.espncdn.com/i/teamlogos/nfl/500/no.png","#D3BC8D","New Orleans Saints",11,12,1
"Rashid Shaheed","WR","NO","WR47",140.1,9.3,"WR84",21,"https://a.espncdn.com/i/teamlogos/nfl/500/no.png","#D3BC8D","New Orleans Saints",11,22,1
"Michael Thomas","WR","NO","WR73",89.8,9,"WR41",8,"https://a.espncdn.com/i/teamlogos/nfl/500/no.png","#D3BC8D","New Orleans Saints",11,13,6
"A.T. Perry","WR","NO","WR115",40.3,4.5,"WR158",25,"https://a.espncdn.com/i/teamlogos/nfl/500/no.png","#D3BC8D","New Orleans Saints",11,17,7
"Lynn Bowden Jr.","WR","NO","WR150",21.2,1.6,NA,25,"https://a.espncdn.com/i/teamlogos/nfl/500/no.png","#D3BC8D","New Orleans Saints",11,5,3
"Keith Kirkwood","WR","NO","WR162",14.7,1.3,NA,25,"https://a.espncdn.com/i/teamlogos/nfl/500/no.png","#D3BC8D","New Orleans Saints",11,18,5
"New York Giants","DST","NYG","DST19",114,7.1,"DST20",25,"https://a.espncdn.com/i/teamlogos/nfl/500/nyg.png","#0B2265","New York Giants",13,NA,0
"Graham Gano","K","NYG","K33",50,6.3,"K8",14,"https://a.espncdn.com/i/teamlogos/nfl/500/nyg.png","#0B2265","New York Giants",13,9,8
"Randy Bullock","K","NYG","K34",29,4.8,"K46",25,"https://a.espncdn.com/i/teamlogos/nfl/500/nyg.png","#0B2265","New York Giants",13,46,10
"Mason Crosby","K","NYG","K37",14,7,"K36",25,"https://a.espncdn.com/i/teamlogos/nfl/500/nyg.png","#0B2265","New York Giants",13,21,14
"Tommy DeVito","QB","NYG","QB34",96,10.7,NA,25,"https://a.espncdn.com/i/teamlogos/nfl/500/nyg.png","#0B2265","New York Giants",13,15,7
"Tyrod Taylor","QB","NYG","QB40",71.7,8,"QB71",25,"https://a.espncdn.com/i/teamlogos/nfl/500/nyg.png","#0B2265","New York Giants",13,2,7
"Daniel Jones","QB","NYG","QB42",63,10.5,"QB15",12,"https://a.espncdn.com/i/teamlogos/nfl/500/nyg.png","#0B2265","New York Giants",13,8,10
"Saquon Barkley","RB","NYG","RB16",199.5,15.3,"RB3",1,"https://a.espncdn.com/i/teamlogos/nfl/500/nyg.png","#0B2265","New York Giants",13,26,3
"Matt Breida","RB","NYG","RB64",46.9,3.1,"RB88",25,"https://a.espncdn.com/i/teamlogos/nfl/500/nyg.png","#0B2265","New York Giants",13,31,1
"Gary Brightwell","RB","NYG","RB107",11.6,2.9,NA,25,"https://a.espncdn.com/i/teamlogos/nfl/500/nyg.png","#0B2265","New York Giants",13,23,12
"Eric Gray","RB","NYG","RB114",9.2,0.7,"RB104",25,"https://a.espncdn.com/i/teamlogos/nfl/500/nyg.png","#0B2265","New York Giants",13,20,3
"Jashaun Corbin","RB","NYG","RB122",4.3,2.2,NA,25,"https://a.espncdn.com/i/teamlogos/nfl/500/nyg.png","#0B2265","New York Giants",13,35,14
"Deon Jackson","RB","NYG","RB123",4,2,"RB57",19,"https://a.espncdn.com/i/teamlogos/nfl/500/nyg.png","#0B2265","New York Giants",13,34,14
"Darren Waller","TE","NYG","TE24",103.7,9.4,"TE5",5,"https://a.espncdn.com/i/teamlogos/nfl/500/nyg.png","#0B2265","New York Giants",13,12,5
"Daniel Bellinger","TE","NYG","TE43",50.5,3.2,"TE45",25,"https://a.espncdn.com/i/teamlogos/nfl/500/nyg.png","#0B2265","New York Giants",13,82,0
"Darius Slayton","WR","NYG","WR50",133.8,8.4,"WR86",25,"https://a.espncdn.com/i/teamlogos/nfl/500/nyg.png","#0B2265","New York Giants",13,86,0
"Wan'Dale Robinson","WR","NYG","WR55",119.7,8.6,"WR88",22,"https://a.espncdn.com/i/teamlogos/nfl/500/nyg.png","#0B2265","New York Giants",13,17,2
"Jalin Hyatt","WR","NYG","WR97",58.8,3.9,"WR57",14,"https://a.espncdn.com/i/teamlogos/nfl/500/nyg.png","#0B2265","New York Giants",13,13,1
"Isaiah Hodgins","WR","NYG","WR105",53.4,3.3,"WR79",20,"https://a.espncdn.com/i/teamlogos/nfl/500/nyg.png","#0B2265","New York Giants",13,18,0
"Parris Campbell","WR","NYG","WR135",30.4,2.5,"WR71",21,"https://a.espncdn.com/i/teamlogos/nfl/500/nyg.png","#0B2265","New York Giants",13,0,4
"Sterling Shepard","WR","NYG","WR161",14.9,1.1,"WR116",25,"https://a.espncdn.com/i/teamlogos/nfl/500/nyg.png","#0B2265","New York Giants",13,3,3
"Lawrence Cager","WR","NYG","WR166",13.6,1.7,NA,25,"https://a.espncdn.com/i/teamlogos/nfl/500/nyg.png","#0B2265","New York Giants",13,83,8
"Gunner Olszewski","WR","NYG","WR192",3,0.3,"WR131",25,"https://a.espncdn.com/i/teamlogos/nfl/500/nyg.png","#0B2265","New York Giants",13,80,5
"New York Jets","DST","NYJ","DST8",136,8.5,"DST5",11,"https://a.espncdn.com/i/teamlogos/nfl/500/nyj.png","#003F2D","New York Jets",7,NA,0
"Greg Zuerlein","K","NYJ","K14",133,8.9,"K13",25,"https://a.espncdn.com/i/teamlogos/nfl/500/nyj.png","#003F2D","New York Jets",7,9,1
"Austin Seibert","K","NYJ","K38",4,4,NA,25,"https://a.espncdn.com/i/teamlogos/nfl/500/nyj.png","#003F2D","New York Jets",7,12,15
"Zach Wilson","QB","NYJ","QB28",126.9,10.6,"QB40",25,"https://a.espncdn.com/i/teamlogos/nfl/500/nyj.png","#003F2D","New York Jets",7,2,4
"Trevor Siemian","QB","NYJ","QB49",28.1,7,NA,25,"https://a.espncdn.com/i/teamlogos/nfl/500/nyj.png","#003F2D","New York Jets",7,14,12
"Brett Rypien","QB","NYJ","QB64",5.8,2.9,NA,25,"https://a.espncdn.com/i/teamlogos/nfl/500/nyj.png","#003F2D","New York Jets",7,15,14
"Aaron Rodgers","QB","NYJ","QB71",0,0,"QB12",8,"https://a.espncdn.com/i/teamlogos/nfl/500/nyj.png","#003F2D","New York Jets",7,8,15
"Breece Hall","RB","NYJ","RB4",261.5,16.3,"RB15",4,"https://a.espncdn.com/i/teamlogos/nfl/500/nyj.png","#003F2D","New York Jets",7,20,0
"Dalvin Cook","RB","NYJ","RB69",40.2,2.7,"RB23",6,"https://a.espncdn.com/i/teamlogos/nfl/500/nyj.png","#003F2D","New York Jets",7,33,1
"Israel Abanikanda","RB","NYJ","RB97",15.7,2.6,"RB82",22,"https://a.espncdn.com/i/teamlogos/nfl/500/nyj.png","#003F2D","New York Jets",7,25,10
"Nick Bawden","RB","NYJ","RB108",11.5,1,NA,25,"https://a.espncdn.com/i/teamlogos/nfl/500/nyj.png","#003F2D","New York Jets",7,48,4
"Tyler Conklin","TE","NYJ","TE18",119.5,7.5,"TE27",20,"https://a.espncdn.com/i/teamlogos/nfl/500/nyj.png","#003F2D","New York Jets",7,83,0
"Jeremy Ruckert","TE","NYJ","TE60",31.1,2.6,"TE88",25,"https://a.espncdn.com/i/teamlogos/nfl/500/nyj.png","#003F2D","New York Jets",7,89,4
"C.J. Uzomah","TE","NYJ","TE75",19.8,2,"TE51",25,"https://a.espncdn.com/i/teamlogos/nfl/500/nyj.png","#003F2D","New York Jets",7,87,6
"Kenny Yeboah","TE","NYJ","TE96",4.8,1.2,NA,25,"https://a.espncdn.com/i/teamlogos/nfl/500/nyj.png","#003F2D","New York Jets",7,88,12
"Garrett Wilson","WR","NYJ","WR23",207.8,13,"WR9",2,"https://a.espncdn.com/i/teamlogos/nfl/500/nyj.png","#003F2D","New York Jets",7,17,0
"Allen Lazard","WR","NYJ","WR95",60.1,4.3,"WR51",11,"https://a.espncdn.com/i/teamlogos/nfl/500/nyj.png","#003F2D","New York Jets",7,10,2
"Xavier Gipson","WR","NYJ","WR99",57.3,3.6,"WR136",25,"https://a.espncdn.com/i/teamlogos/nfl/500/nyj.png","#003F2D","New York Jets",7,82,0
"Jason Brownlee","WR","NYJ","WR156",16.6,2.8,"WR123",25,"https://a.espncdn.com/i/teamlogos/nfl/500/nyj.png","#003F2D","New York Jets",7,16,10
"Randall Cobb","WR","NYJ","WR160",15.5,1.7,NA,25,"https://a.espncdn.com/i/teamlogos/nfl/500/nyj.png","#003F2D","New York Jets",7,18,7
"Malik Taylor","WR","NYJ","WR191",3.3,1.1,NA,25,"https://a.espncdn.com/i/teamlogos/nfl/500/nyj.png","#003F2D","New York Jets",7,86,13
"Philadelphia Eagles","DST","PHI","DST26",97,6.1,"DST2",8,"https://a.espncdn.com/i/teamlogos/nfl/500/phi.png","#004C54","Philadelphia Eagles",10,NA,0
"Jake Elliott","K","PHI","K3",152,9.5,"K9",12,"https://a.espncdn.com/i/teamlogos/nfl/500/phi.png","#004C54","Philadelphia Eagles",10,4,0
"Jalen Hurts","QB","PHI","QB2",370.2,23.1,"QB3",2,"https://a.espncdn.com/i/teamlogos/nfl/500/phi.png","#004C54","Philadelphia Eagles",10,1,0
"Marcus Mariota","QB","PHI","QB70",1.2,0.6,"QB41",25,"https://a.espncdn.com/i/teamlogos/nfl/500/phi.png","#004C54","Philadelphia Eagles",10,8,14
"D'Andre Swift","RB","PHI","RB17",199.3,12.5,"RB30",6,"https://a.espncdn.com/i/teamlogos/nfl/500/phi.png","#004C54","Philadelphia Eagles",10,0,0
"Kenneth Gainwell","RB","PHI","RB48",91.2,6.1,"RB51",15,"https://a.espncdn.com/i/teamlogos/nfl/500/phi.png","#004C54","Philadelphia Eagles",10,14,1
"Boston Scott","RB","PHI","RB98",15.3,1.4,"RB89",25,"https://a.espncdn.com/i/teamlogos/nfl/500/phi.png","#004C54","Philadelphia Eagles",10,35,5
"Rashaad Penny","RB","PHI","RB126",3.2,1.6,"RB43",10,"https://a.espncdn.com/i/teamlogos/nfl/500/phi.png","#004C54","Philadelphia Eagles",10,23,14
"Dallas Goedert","TE","PHI","TE12",134.9,10.4,"TE7",5,"https://a.espncdn.com/i/teamlogos/nfl/500/phi.png","#004C54","Philadelphia Eagles",10,88,3
"Jack Stoll","TE","PHI","TE91",6.7,0.5,"TE61",25,"https://a.espncdn.com/i/teamlogos/nfl/500/phi.png","#004C54","Philadelphia Eagles",10,89,3
"Grant Calcaterra","TE","PHI","TE98",4.1,0.5,"TE106",25,"https://a.espncdn.com/i/teamlogos/nfl/500/phi.png","#004C54","Philadelphia Eagles",10,81,8
"A.J. Brown","WR","PHI","WR4",289.7,18.1,"WR8",2,"https://a.espncdn.com/i/teamlogos/nfl/500/phi.png","#004C54","Philadelphia Eagles",10,11,0
"DeVonta Smith","WR","PHI","WR16",227.6,14.2,"WR13",3,"https://a.espncdn.com/i/teamlogos/nfl/500/phi.png","#004C54","Philadelphia Eagles",10,6,0
"Olamide Zaccheaus","WR","PHI","WR123",34.4,2.6,"WR122",25,"https://a.espncdn.com/i/teamlogos/nfl/500/phi.png","#004C54","Philadelphia Eagles",10,13,3
"Julio Jones","WR","PHI","WR128",33.1,3.3,"WR106",25,"https://a.espncdn.com/i/teamlogos/nfl/500/phi.png","#004C54","Philadelphia Eagles",10,80,6
"Quez Watkins","WR","PHI","WR168",11.9,1.7,"WR107",25,"https://a.espncdn.com/i/teamlogos/nfl/500/phi.png","#004C54","Philadelphia Eagles",10,16,9
"Britain Covey","WR","PHI","WR196",1.7,0.1,NA,25,"https://a.espncdn.com/i/teamlogos/nfl/500/phi.png","#004C54","Philadelphia Eagles",10,18,1
"Pittsburgh Steelers","DST","PIT","DST11",131,8.2,"DST8",12,"https://a.espncdn.com/i/teamlogos/nfl/500/pit.png","#000000","Pittsburgh Steelers",6,NA,0
"Chris Boswell","K","PIT","K18",128,8,"K16",25,"https://a.espncdn.com/i/teamlogos/nfl/500/pit.png","#000000","Pittsburgh Steelers",6,9,0
"Kenny Pickett","QB","PIT","QB31",114.2,9.5,"QB21",16,"https://a.espncdn.com/i/teamlogos/nfl/500/pit.png","#000000","Pittsburgh Steelers",6,8,4
"Mitch Trubisky","QB","PIT","QB44",53.7,10.7,"QB43",25,"https://a.espncdn.com/i/teamlogos/nfl/500/pit.png","#000000","Pittsburgh Steelers",6,10,11
"Mason Rudolph","QB","PIT","QB48",31.6,10.5,"QB69",25,"https://a.espncdn.com/i/teamlogos/nfl/500/pit.png","#000000","Pittsburgh Steelers",6,2,13
"Jaylen Warren","RB","PIT","RB20",188.4,11.8,"RB47",14,"https://a.espncdn.com/i/teamlogos/nfl/500/pit.png","#000000","Pittsburgh Steelers",6,30,0
"Najee Harris","RB","PIT","RB27",171.2,10.7,"RB9",3,"https://a.espncdn.com/i/teamlogos/nfl/500/pit.png","#000000","Pittsburgh Steelers",6,22,0
"Anthony McFarland Jr.","RB","PIT","RB128",3.1,1,NA,25,"https://a.espncdn.com/i/teamlogos/nfl/500/pit.png","#000000","Pittsburgh Steelers",6,26,13
"Pat Freiermuth","TE","PIT","TE30",72.7,6.6,"TE10",7,"https://a.espncdn.com/i/teamlogos/nfl/500/pit.png","#000000","Pittsburgh Steelers",6,88,5
"Connor Heyward","TE","PIT","TE53",37.3,2.3,"TE42",25,"https://a.espncdn.com/i/teamlogos/nfl/500/pit.png","#000000","Pittsburgh Steelers",6,83,0
"Darnell Washington","TE","PIT","TE82",13.1,1,"TE33",25,"https://a.espncdn.com/i/teamlogos/nfl/500/pit.png","#000000","Pittsburgh Steelers",6,80,3
"George Pickens","WR","PIT","WR22",208.5,13,"WR34",7,"https://a.espncdn.com/i/teamlogos/nfl/500/pit.png","#000000","Pittsburgh Steelers",6,14,0
"Diontae Johnson","WR","PIT","WR50",133.8,11.2,"WR30",7,"https://a.espncdn.com/i/teamlogos/nfl/500/pit.png","#000000","Pittsburgh Steelers",6,18,4
"Allen Robinson II","WR","PIT","WR91",62,4.1,"WR93",24,"https://a.espncdn.com/i/teamlogos/nfl/500/pit.png","#000000","Pittsburgh Steelers",6,11,1
"Calvin Austin III","WR","PIT","WR107",51.9,3.2,"WR96",25,"https://a.espncdn.com/i/teamlogos/nfl/500/pit.png","#000000","Pittsburgh Steelers",6,19,0
"Miles Boykin","WR","PIT","WR188",4.7,0.4,"WR164",25,"https://a.espncdn.com/i/teamlogos/nfl/500/pit.png","#000000","Pittsburgh Steelers",6,13,4
"Seattle Seahawks","DST","SEA","DST21",107,6.7,"DST18",15,"https://a.espncdn.com/i/teamlogos/nfl/500/sea.png","#002244","Seattle Seahawks",5,NA,0
"Jason Myers","K","SEA","K4",151,9.4,"K6",13,"https://a.espncdn.com/i/teamlogos/nfl/500/sea.png","#002244","Seattle Seahawks",5,5,0
"Geno Smith","QB","SEA","QB19",215.9,15.4,"QB16",11,"https://a.espncdn.com/i/teamlogos/nfl/500/sea.png","#002244","Seattle Seahawks",5,7,2
"Drew Lock","QB","SEA","QB47",32.1,8,"QB53",25,"https://a.espncdn.com/i/teamlogos/nfl/500/sea.png","#002244","Seattle Seahawks",5,2,12
"Kenneth Walker III","RB","SEA","RB19",190.3,13.6,"RB16",4,"https://a.espncdn.com/i/teamlogos/nfl/500/sea.png","#002244","Seattle Seahawks",5,9,2
"Zach Charbonnet","RB","SEA","RB47",98.1,6.5,"RB37",10,"https://a.espncdn.com/i/teamlogos/nfl/500/sea.png","#002244","Seattle Seahawks",5,26,1
"DeeJay Dallas","RB","SEA","RB115",8.2,0.5,NA,25,"https://a.espncdn.com/i/teamlogos/nfl/500/sea.png","#002244","Seattle Seahawks",5,31,0
"Noah Fant","TE","SEA","TE28",73.4,4.9,"TE31",22,"https://a.espncdn.com/i/teamlogos/nfl/500/sea.png","#002244","Seattle Seahawks",5,87,1
"Colby Parkinson","TE","SEA","TE38",57.9,3.6,"TE86",25,"https://a.espncdn.com/i/teamlogos/nfl/500/sea.png","#002244","Seattle Seahawks",5,84,0
"Will Dissly","TE","SEA","TE66",26.6,2,"TE55",25,"https://a.espncdn.com/i/teamlogos/nfl/500/sea.png","#002244","Seattle Seahawks",5,89,3
"DK Metcalf","WR","SEA","WR19",223.4,14.9,"WR15",3,"https://a.espncdn.com/i/teamlogos/nfl/500/sea.png","#002244","Seattle Seahawks",5,14,1
"Tyler Lockett","WR","SEA","WR34",185.3,11.6,"WR27",6,"https://a.espncdn.com/i/teamlogos/nfl/500/sea.png","#002244","Seattle Seahawks",5,16,0
"Jaxon Smith-Njigba","WR","SEA","WR45",145.4,9.1,"WR39",7,"https://a.espncdn.com/i/teamlogos/nfl/500/sea.png","#002244","Seattle Seahawks",5,11,0
"Jake Bobo","WR","SEA","WR102",55,3.7,"WR94",25,"https://a.espncdn.com/i/teamlogos/nfl/500/sea.png","#002244","Seattle Seahawks",5,19,1
"Cody Thompson","WR","SEA","WR195",2,0.7,NA,25,"https://a.espncdn.com/i/teamlogos/nfl/500/sea.png","#002244","Seattle Seahawks",5,82,13
"Dee Eskridge","WR","SEA","WR201",0.5,0.1,"WR170",25,"https://a.espncdn.com/i/teamlogos/nfl/500/sea.png","#002244","Seattle Seahawks",5,1,12
"San Francisco 49ers","DST","SF","DST7",137,8.6,"DST1",8,"https://a.espncdn.com/i/teamlogos/nfl/500/sf.png","#AA0000","San Francisco 49ers",9,NA,0
"Jake Moody","K","SF","K17",129,8.1,"K18",17,"https://a.espncdn.com/i/teamlogos/nfl/500/sf.png","#AA0000","San Francisco 49ers",9,4,0
"Brock Purdy","QB","SF","QB6",306.6,19.2,"QB20",14,"https://a.espncdn.com/i/teamlogos/nfl/500/sf.png","#AA0000","San Francisco 49ers",9,13,0
"Sam Darnold","QB","SF","QB62",6.9,0.8,NA,25,"https://a.espncdn.com/i/teamlogos/nfl/500/sf.png","#AA0000","San Francisco 49ers",9,14,7
"Christian McCaffrey","RB","SF","RB1",391.3,24.5,"RB1",1,"https://a.espncdn.com/i/teamlogos/nfl/500/sf.png","#AA0000","San Francisco 49ers",9,23,0
"Jordan Mason","RB","SF","RB71",38.9,2.6,"RB115",25,"https://a.espncdn.com/i/teamlogos/nfl/500/sf.png","#AA0000","San Francisco 49ers",9,24,1
"Kyle Juszczyk","RB","SF","RB72",38.5,2.6,"RB74",25,"https://a.espncdn.com/i/teamlogos/nfl/500/sf.png","#AA0000","San Francisco 49ers",9,44,1
"Elijah Mitchell","RB","SF","RB79",32.8,3.3,"RB44",12,"https://a.espncdn.com/i/teamlogos/nfl/500/sf.png","#AA0000","San Francisco 49ers",9,25,6
"Tyrion Davis-Price","RB","SF","RB136",2.1,2.1,"RB110",25,"https://a.espncdn.com/i/teamlogos/nfl/500/sf.png","#AA0000","San Francisco 49ers",9,32,15
"George Kittle","TE","SF","TE5",203.2,12.7,"TE4",4,"https://a.espncdn.com/i/teamlogos/nfl/500/sf.png","#AA0000","San Francisco 49ers",9,85,0
"Charlie Woerner","TE","SF","TE100",3.2,0.2,NA,25,"https://a.espncdn.com/i/teamlogos/nfl/500/sf.png","#AA0000","San Francisco 49ers",9,89,3
"Ross Dwelley","TE","SF","TE103",2.2,0.2,"TE89",25,"https://a.espncdn.com/i/teamlogos/nfl/500/sf.png","#AA0000","San Francisco 49ers",9,82,7
"Brandon Aiyuk","WR","SF","WR12",243.7,16.2,"WR29",6,"https://a.espncdn.com/i/teamlogos/nfl/500/sf.png","#AA0000","San Francisco 49ers",9,11,1
"Deebo Samuel","WR","SF","WR14",238.5,17,"WR17",4,"https://a.espncdn.com/i/teamlogos/nfl/500/sf.png","#AA0000","San Francisco 49ers",9,19,2
"Jauan Jennings","WR","SF","WR108",51.5,4,"WR114",25,"https://a.espncdn.com/i/teamlogos/nfl/500/sf.png","#AA0000","San Francisco 49ers",9,15,3
"Ronnie Bell","WR","SF","WR145",23.3,1.6,"WR104",25,"https://a.espncdn.com/i/teamlogos/nfl/500/sf.png","#AA0000","San Francisco 49ers",9,10,1
"Ray-Ray McCloud III","WR","SF","WR146",22.6,2.1,"WR132",25,"https://a.espncdn.com/i/teamlogos/nfl/500/sf.png","#AA0000","San Francisco 49ers",9,3,5
"Willie Snead IV","WR","SF","WR190",3.4,0.9,NA,25,"https://a.espncdn.com/i/teamlogos/nfl/500/sf.png","#AA0000","San Francisco 49ers",9,83,12
"Tampa Bay Buccaneers","DST","TB","DST16",116,7.3,"DST21",19,"https://a.espncdn.com/i/teamlogos/nfl/500/tb.png","#A71930","Tampa Bay Buccaneers",5,NA,0
"Chase McLaughlin","K","TB","K21",125,7.8,"K22",25,"https://a.espncdn.com/i/teamlogos/nfl/500/tb.png","#A71930","Tampa Bay Buccaneers",5,4,0
"Baker Mayfield","QB","TB","QB9",277.9,17.4,"QB31",22,"https://a.espncdn.com/i/teamlogos/nfl/500/tb.png","#A71930","Tampa Bay Buccaneers",5,6,0
"Rachaad White","RB","TB","RB6",254.6,15.9,"RB26",7,"https://a.espncdn.com/i/teamlogos/nfl/500/tb.png","#A71930","Tampa Bay Buccaneers",5,1,0
"Chase Edmonds","RB","TB","RB76",36.3,3,"RB78",25,"https://a.espncdn.com/i/teamlogos/nfl/500/tb.png","#A71930","Tampa Bay Buccaneers",5,22,4
"Sean Tucker","RB","TB","RB121",5.2,1,"RB73",25,"https://a.espncdn.com/i/teamlogos/nfl/500/tb.png","#A71930","Tampa Bay Buccaneers",5,44,11
"Cade Otton","TE","TB","TE20",111.5,7,"TE34",24,"https://a.espncdn.com/i/teamlogos/nfl/500/tb.png","#A71930","Tampa Bay Buccaneers",5,88,0
"Payne Durham","TE","TB","TE85",10.8,1,NA,25,"https://a.espncdn.com/i/teamlogos/nfl/500/tb.png","#A71930","Tampa Bay Buccaneers",5,87,5
"Ko Kieft","TE","TB","TE90",7.2,0.6,NA,25,"https://a.espncdn.com/i/teamlogos/nfl/500/tb.png","#A71930","Tampa Bay Buccaneers",5,41,3
"David Wells","TE","TB","TE110",1,1,NA,25,"https://a.espncdn.com/i/teamlogos/nfl/500/tb.png","#A71930","Tampa Bay Buccaneers",5,89,15
"Mike Evans","WR","TB","WR7",277.3,17.3,"WR31",7,"https://a.espncdn.com/i/teamlogos/nfl/500/tb.png","#A71930","Tampa Bay Buccaneers",5,13,0
"Chris Godwin","WR","TB","WR30",197.7,12.4,"WR26",6,"https://a.espncdn.com/i/teamlogos/nfl/500/tb.png","#A71930","Tampa Bay Buccaneers",5,14,0
"Trey Palmer","WR","TB","WR71",92.7,5.8,"WR97",25,"https://a.espncdn.com/i/teamlogos/nfl/500/tb.png","#A71930","Tampa Bay Buccaneers",5,10,0
"Deven Thompkins","WR","TB","WR125",33.8,2.1,NA,25,"https://a.espncdn.com/i/teamlogos/nfl/500/tb.png","#A71930","Tampa Bay Buccaneers",5,83,0
"David Moore","WR","TB","WR153",18.6,3.1,NA,25,"https://a.espncdn.com/i/teamlogos/nfl/500/tb.png","#A71930","Tampa Bay Buccaneers",5,19,10
"Rakim Jarrett","WR","TB","WR172",10,1.1,NA,25,"https://a.espncdn.com/i/teamlogos/nfl/500/tb.png","#A71930","Tampa Bay Buccaneers",5,18,7
"Tennessee Titans","DST","TEN","DST26",97,6.1,"DST28",19,"https://a.espncdn.com/i/teamlogos/nfl/500/ten.png","#002244","Tennessee Titans",7,NA,0
"Nick Folk","K","TEN","K20",127,7.9,"K15",19,"https://a.espncdn.com/i/teamlogos/nfl/500/ten.png","#002244","Tennessee Titans",7,6,0
"Will Levis","QB","TEN","QB33",106,11.8,NA,25,"https://a.espncdn.com/i/teamlogos/nfl/500/ten.png","#002244","Tennessee Titans",7,8,7
"Ryan Tannehill","QB","TEN","QB38",73.6,9.2,"QB29",22,"https://a.espncdn.com/i/teamlogos/nfl/500/ten.png","#002244","Tennessee Titans",7,17,8
"Malik Willis","QB","TEN","QB66",3.1,1.5,"QB80",25,"https://a.espncdn.com/i/teamlogos/nfl/500/ten.png","#002244","Tennessee Titans",7,7,14
"Derrick Henry","RB","TEN","RB10",225.4,14.1,"RB7",2,"https://a.espncdn.com/i/teamlogos/nfl/500/ten.png","#002244","Tennessee Titans",7,22,0
"Tyjae Spears","RB","TEN","RB34",132.2,8.3,"RB63",18,"https://a.espncdn.com/i/teamlogos/nfl/500/ten.png","#002244","Tennessee Titans",7,32,0
"Jonathan Ward","RB","TEN","RB142",1.1,0.3,NA,25,"https://a.espncdn.com/i/teamlogos/nfl/500/ten.png","#002244","Tennessee Titans",7,20,12
"Chigoziem Okonkwo","TE","TEN","TE23",107.8,6.7,"TE16",13,"https://a.espncdn.com/i/teamlogos/nfl/500/ten.png","#002244","Tennessee Titans",7,85,0
"Josh Whyle","TE","TEN","TE69",24.4,2.7,NA,25,"https://a.espncdn.com/i/teamlogos/nfl/500/ten.png","#002244","Tennessee Titans",7,81,7
"Trevon Wesco","TE","TEN","TE101",3.1,0.3,"TE105",25,"https://a.espncdn.com/i/teamlogos/nfl/500/ten.png","#002244","Tennessee Titans",7,88,4
"Kevin Rader","TE","TEN","TE106",1.6,0.1,NA,25,"https://a.espncdn.com/i/teamlogos/nfl/500/ten.png","#002244","Tennessee Titans",7,86,4
"DeAndre Hopkins","WR","TEN","WR26",206,12.9,"WR21",4,"https://a.espncdn.com/i/teamlogos/nfl/500/ten.png","#002244","Tennessee Titans",7,10,0
"Nick Westbrook-Ikhine","WR","TEN","WR80",85,6.5,NA,25,"https://a.espncdn.com/i/teamlogos/nfl/500/ten.png","#002244","Tennessee Titans",7,15,3
"Chris Moore","WR","TEN","WR90",62.3,3.9,NA,25,"https://a.espncdn.com/i/teamlogos/nfl/500/ten.png","#002244","Tennessee Titans",7,11,0
"Treylon Burks","WR","TEN","WR117",39.9,4,"WR45",9,"https://a.espncdn.com/i/teamlogos/nfl/500/ten.png","#002244","Tennessee Titans",7,16,6
"Kyle Philips","WR","TEN","WR139",27.6,3.5,NA,25,"https://a.espncdn.com/i/teamlogos/nfl/500/ten.png","#002244","Tennessee Titans",7,18,8
"Mason Kinsey","WR","TEN","WR197",1.6,0.3,NA,25,"https://a.espncdn.com/i/teamlogos/nfl/500/ten.png","#002244","Tennessee Titans",7,12,11
"Colton Dowell","WR","TEN","WR198",1.3,0.2,NA,25,"https://a.espncdn.com/i/teamlogos/nfl/500/ten.png","#002244","Tennessee Titans",7,14,8
"Washington Commanders","DST","WAS","DST32",64,4,"DST12",15,"https://a.espncdn.com/i/teamlogos/nfl/500/wsh.png","#5A1414","Washington Commanders",14,NA,0
"Joey Slye","K","WAS","K28",98,6.1,"K32",25,"https://a.espncdn.com/i/teamlogos/nfl/500/wsh.png","#5A1414","Washington Commanders",14,6,0
"Sam Howell","QB","WAS","QB11",269.1,16.8,"QB25",20,"https://a.espncdn.com/i/teamlogos/nfl/500/wsh.png","#5A1414","Washington Commanders",14,14,0
"Jacoby Brissett","QB","WAS","QB53",22.9,7.6,NA,25,"https://a.espncdn.com/i/teamlogos/nfl/500/wsh.png","#5A1414","Washington Commanders",14,12,13
"Brian Robinson Jr.","RB","WAS","RB21",187.6,13.4,"RB35",9,"https://a.espncdn.com/i/teamlogos/nfl/500/wsh.png","#5A1414","Washington Commanders",14,8,2
"Antonio Gibson","RB","WAS","RB38",120.8,8.1,"RB36",9,"https://a.espncdn.com/i/teamlogos/nfl/500/wsh.png","#5A1414","Washington Commanders",14,24,1
"Chris Rodriguez Jr.","RB","WAS","RB73",37.9,3.8,NA,25,"https://a.espncdn.com/i/teamlogos/nfl/500/wsh.png","#5A1414","Washington Commanders",14,23,6
"Derrick Gore","RB","WAS","RB132",2.3,0.6,NA,25,"https://a.espncdn.com/i/teamlogos/nfl/500/wsh.png","#5A1414","Washington Commanders",14,44,12
"Alex Armah Jr.","RB","WAS","RB132",2.3,0.5,NA,25,"https://a.espncdn.com/i/teamlogos/nfl/500/wsh.png","#5A1414","Washington Commanders",14,40,11
"Logan Thomas","TE","WAS","TE16",124.9,8.3,"TE53",25,"https://a.espncdn.com/i/teamlogos/nfl/500/wsh.png","#5A1414","Washington Commanders",14,82,1
"John Bates","TE","WAS","TE56",34.1,2.1,"TE87",25,"https://a.espncdn.com/i/teamlogos/nfl/500/wsh.png","#5A1414","Washington Commanders",14,87,0
"Cole Turner","TE","WAS","TE72",23,1.9,"TE92",25,"https://a.espncdn.com/i/teamlogos/nfl/500/wsh.png","#5A1414","Washington Commanders",14,85,4
"Terry McLaurin","WR","WAS","WR32",191.6,12,"WR22",5,"https://a.espncdn.com/i/teamlogos/nfl/500/wsh.png","#5A1414","Washington Commanders",14,17,0
"Curtis Samuel","WR","WAS","WR42",152.2,10.1,"WR78",19,"https://a.espncdn.com/i/teamlogos/nfl/500/wsh.png","#5A1414","Washington Commanders",14,4,1
"Jahan Dotson","WR","WAS","WR54",121.1,7.6,"WR36",8,"https://a.espncdn.com/i/teamlogos/nfl/500/wsh.png","#5A1414","Washington Commanders",14,1,0
"Dyami Brown","WR","WAS","WR122",34.8,2.3,"WR139",25,"https://a.espncdn.com/i/teamlogos/nfl/500/wsh.png","#5A1414","Washington Commanders",14,2,1
"Jamison Crowder","WR","WAS","WR124",34.1,2.3,NA,25,"https://a.espncdn.com/i/teamlogos/nfl/500/wsh.png","#5A1414","Washington Commanders",14,83,1
"Byron Pringle","WR","WAS","WR138",28.1,2,"WR153",25,"https://a.espncdn.com/i/teamlogos/nfl/500/wsh.png","#5A1414","Washington Commanders",14,3,2
